variant_id	cnv_type	clinsig	clinsig_review	gold_stars	chr	start_hg38	end_hg38	multiplicity	length	gencode_genes	protein_coding	pseudogenes	mirna	lncrna	rrna	snrna	morbid_genes	disease_associated_genes	regions_TS	regulatory	regulatory_enhancer	regulatory_open_chromatin_region	regulatory_promoter	regulatory_promoter_flanking_region	regulatory_ctcf_binding_site	regulatory_tf_binding_site	regulatory_curated	ISV_prob	ISV_pred
RCV000053101	copy number gain	1	criteria provided, single submitter	1	22	11119188	16489297	3	5370109	45	2	30	0	9	1	3	0	0	0	236	2	59	3	2	132	38	0	0.007393902	0
RCV000137263	copy number gain	1	no assertion criteria provided	0	22	10874347	15903760	3	5029413	40	2	26	0	9	1	2	0	0	0	200	2	54	5	2	106	31	0	0.005855185	0
RCV000136124	copy number gain	0	no assertion criteria provided	0	22	43992879	50683114	3	6690235	172	64	13	10	76	0	1	12	8	0	1811	235	207	166	461	660	66	16	0.99976283	1
RCV000137206	copy number gain	0	no assertion criteria provided	0	8	782690	8222398	3	7439708	179	51	70	7	48	0	0	2	3	0	1234	252	196	41	253	412	75	5	0.99786395	1
RCV000747094	copy number gain	0	no assertion criteria provided	0	7	144013966	152876850	3	8862884	197	78	52	3	38	0	5	8	8	0	1795	291	272	136	362	597	128	9	0.9995395	1
RCV000141494	copy number gain	0	no assertion criteria provided	0	2	7495123	87705899	3	80210776	1393	437	291	36	445	0	61	82	74	2	17645	4097	2607	849	4257	4939	754	142	0.99653673	1
RCV000141497	copy number gain	0	no assertion criteria provided	0	10	4604734	48074662	3	43469928	778	183	247	21	234	0	39	22	22	0	9062	1885	1362	403	2457	2479	416	60	0.98657066	1
RCV000737699	copy number gain	0	no assertion criteria provided	0	11	127881796	135068576	3	7186780	107	29	19	3	43	0	5	8	6	0	1726	405	273	77	453	458	49	11	0.99978274	1
