{"meta": "lr", "classes_": [0, 1], "coef_": [[2.1242518163890214, -0.2454905387725202, 0.8744007678148016, -1.4624530415694201, 0.17835356611126335, 1.0678730327829127, -0.33751625409763775, 0.24891033838733614, 0.8654667182510086, 0.07216732594614404, 2.7575906836601627, -2.3506161853169325, 0.9418457267472702, 1.1752949836374138, 0.07732152781140558, 1.212215832279276, -0.9732855686214302, 0.11649685610036653, 0.4870983167147488]], "intercept_": [-5.288236309438496], "n_iter_": [65], "params": {"C": 1, "class_weight": null, "dual": false, "fit_intercept": true, "intercept_scaling": 1, "l1_ratio": null, "max_iter": 500, "multi_class": "auto", "n_jobs": 4, "penalty": "l2", "random_state": 1618, "solver": "lbfgs", "tol": 0.0001, "verbose": 0, "warm_start": false}}