{"meta": "qda", "means_": [[-0.19098652590249512, -0.045561940085314945, -0.10874498579007696, 0.02587087044242691, 0.1543547002074155, 0.00215052945448063, 0.0018922291228389565, 0.1418087159187445, 0.3248714552907317, 0.30024912034730616, 0.04705603957129114, -0.20479248146312412, -0.09770453269702993, -0.11177008555360456, -0.10720038669862841, -0.13198204080031, -0.1498344238912304, 0.032317558667663976, 0.21941151915300686], [1.334644846102944, 1.4232453073436526, 1.9816597208531634, 1.2379604434800893, 2.8923303524416197, 1.680713444619244, 0.13496400798277988, 2.5852943428570603, 3.6627506945691493, 3.4291009224969793, 0.45366717004806767, 1.3243973256411, 1.4765645818129576, 1.435165684782735, 1.3505257272541882, 1.3753392850636035, 1.262627175982694, 1.4885760484329016, 3.839727522897813]], "priors_": [0.7798030867482704, 0.22019691325172963], "scalings_": [[1.0734146701021237, 0.9575993760032133, 0.9337218386057664, 0.9217762982203649, 0.9202388882972677, 0.9191583201016094, 0.9121273694691012, 0.9089244637131911, 0.9077648426812074, 0.9066191547759189, 0.9061197767917131, 0.9050921585736192, 0.9037508757073404, 0.9032394442061622, 0.9031231386919134, 0.9026518978874297, 0.9009436078895543, 0.9007904764474953, 0.9001191721808787], [2.712557381088426, 1.1632960461701705, 0.9920624245164698, 0.9471119196828601, 0.9346892677141732, 0.9244179676911264, 0.9138607249977335, 0.9132933392657503, 0.908410354126661, 0.9057891358889089, 0.9039465002555062, 0.9024445687226754, 0.9018938149850753, 0.9011195771028606, 0.9010723972704009, 0.9006212853343576, 0.9004236179403438, 0.9002853611065266, 0.9002307364984253]], "rotations_": [[[0.31915265811176924, 0.15152273231278912, -0.1198878741857445, 0.1918943925467998, -0.014498182334420563, 0.41433420345297656, -0.24467987461023033, 0.11738898454096221, -0.4395892355134232, 0.4614471494546035, -0.14987736396213897, 0.25890041529396596, -0.2554287286040533, 0.01415047011632345, -0.10160981971933421, 0.07542306465268121, -0.03568871111186894, 0.006185870931567597, -0.004517359808665834], [0.2698622541759004, 0.0019973483012747234, -0.3176953572922436, -0.009794788771464336, -0.25856198491521826, -0.012015960955554239, -0.06721127207572544, -0.1001311593301221, -0.024211564124106633, -0.041566842496103706, 0.111371322351194, -0.15107953030018206, 0.09416821238175713, -0.03424731161336344, 0.017910411881802125, -0.1873677809452682, 0.4738846089836713, -0.658129167273195, 0.062374582572981854], [0.2404773246921502, -0.24288881375387425, -0.190462595762898, -0.14070774643887232, -0.4679280034964669, -0.3346245765707035, 0.10458800080562809, 0.5719719287172882, 0.008822518725375945, 0.06650201503577237, -0.26099886785398935, -0.16373173957731865, -0.08790527146410294, -0.05065536062083566, -0.04637074712551431, -0.0042212711778498516, -0.10046122619831692, 0.18831056375625613, -0.02523309110920015], [0.21622969505969378, 0.12684350343527256, -0.39393276333455146, 0.0920716398210128, -0.22276914604485704, 0.2050325560483532, -0.0995742579817738, -0.06310977956268311, 0.23639254079475597, 0.018180660350579303, 0.6046974067626115, -0.07703593965884385, 0.19285608602562482, 0.048240823803164454, 0.0976468538399992, -0.043322158511424715, -0.19938512946569004, 0.38590037615018336, -0.02283775338510348], [0.16133246721832054, -0.10487531258970977, -0.27985486151170713, -0.4985205666033056, 0.5372137800120798, -0.24313497917678883, -0.525993543014914, 0.07089107305867993, 0.045742491357102476, 0.02288932276328489, 0.022562585442797208, 0.042662735383138986, 0.0006670847756097345, -0.008255433622181556, -0.003368746241897277, -0.003137622818063991, 0.005466916915329287, 0.040207574760253634, -0.006456585606567905], [0.20152949369588646, 0.056003062124187805, -0.17924779549053033, 0.035668958929747856, -0.05467900420570172, -0.0200162807682895, -0.07676529615894741, -0.5458602484812521, -0.28774260497563736, -0.2981687858162113, -0.4160181145383084, -0.4148435661981619, -0.00044739449658868363, -0.07844426245839747, -0.06756210797661641, -0.05974786149948582, -0.1320229967385389, 0.2568603028026907, -0.032227077767682306], [0.0033990989838900733, 0.002202438576973138, -0.002139478276387009, 0.00150661040174928, 0.004062911793731036, 0.005127107082958286, 0.009414890406665266, -0.0027235548185982924, 0.009428451965554982, 0.0019523715317621786, 0.01449448829383661, 0.0032391563737124117, 0.0050310303418793535, 1.592015863788856e-05, -0.006487998527231957, 0.0032985838725823283, 0.01196672454941522, -0.08476837678586585, -0.996050922127567], [0.14128300380913106, -0.0033201930429647263, -0.45404651489941206, -0.08579739970805755, 0.4270148333466299, 0.15432167043381528, 0.7391254532390908, 0.049063247009910355, 0.004894014652311826, 0.01443385440980435, -0.08689395516478943, 0.05767656897285384, -0.003241447240395944, -0.0015066324446871547, -0.0032968690546114586, 0.014296873337885208, -0.006166604979889731, -0.012155841171612572, 0.010719236734652294], [0.13219647681322988, -0.6148390381980529, 0.23801410322896274, -0.11935763688525718, 0.03913855566068361, 0.17627073489663933, 0.08538518372181723, -0.2797735758741942, 0.14013572853415912, 0.534397893055748, 0.06262112668930357, -0.3127218306127606, 0.007536429450991074, -0.0537143407889436, 0.03872797185118293, -0.061160862182779205, -0.004651574900629838, 0.017071900563708303, 0.0013807920254195936], [0.12415535274145104, -0.6088113975046398, 0.006729923211320658, 0.07956934976935137, -0.013000423419665744, 0.39638187479689485, -0.10802095836002341, 0.1104427147523538, -0.06775664075858105, -0.5739692717302616, -0.0036760332734765457, 0.2995086424283831, 0.04329998797918622, 0.015986726307104886, -0.0033162030764516057, 0.0221964947238958, -0.0034960490608875253, 0.0024427249884728663, -0.0009340298698342943], [0.006845922803060607, -0.03094674776891471, 0.012838547923210077, -0.008383208213963952, -0.004144975960789497, -0.04023568626439249, 0.030749897201709092, -0.04625373210564094, 0.08056753936889487, -0.010623567785556124, 0.1204188653851867, -0.0028487706926799265, 0.002952923349163462, 0.26017730372591447, -0.948603547160464, -0.07139786934483547, -0.013042629656052978, -0.0055167147827201194, 0.008867036910519658], [0.3578841262166887, 0.12182974544386937, 0.3001529113558157, -0.07080044626464607, 0.022933248946811008, -0.07346241604214777, 0.10877601095377361, -0.03452716244806105, 0.0244800143183624, -0.015355902994474584, -0.03770699694863806, 0.2460762225038003, 0.11477716933519397, 0.013326892865089774, 0.024186294384025326, -0.3073063550821033, 0.5996440306035454, 0.45971590734812995, -0.030484912778206783], [0.272991616113653, 0.12297527631603355, 0.29941102895397137, 0.020188068985708428, 0.21654599784979714, 0.10837275148361691, 0.02015773796274513, 0.3005901543778589, -0.16401276179364366, -0.14810324576642422, 0.10751470915489887, -0.46100756746148597, 0.01959527012670008, 0.5924906571046749, 0.1540962595499894, -0.060400445931818404, -0.09381587422496186, -0.10157462184405465, 0.00604523930029013], [0.29202102131968966, 0.1979067987066279, 0.16813200404370804, 0.02647895044155385, 0.05982472749806292, 0.20891947966037322, -0.07574982481181926, 0.1280780256753563, 0.35625885286959014, 0.013653722065751328, -0.2955485428761707, -0.0710320576637626, 0.5572846855842877, -0.2609684674040747, -0.12422224841967122, 0.3821308118364612, -0.06690794973348999, -0.11366281273334465, 0.013988183068085486], [0.21555979083391358, -0.10134049442545372, 0.028042835295825262, -0.12559500699419893, -0.17155216649641616, -0.3393357283216741, 0.12994028683522216, -0.3047719507084059, -0.2180904967437512, 0.052241393308362805, 0.1060397409667142, 0.30374791625303277, 0.1703299523285467, 0.3729457593051343, 0.09379918924523659, 0.5818427461451441, -0.032532775381756904, -0.04493555756359262, 0.006060834258795151], [0.27896543317549005, 0.05258011425471356, 0.2689064467524126, -0.053668589291324925, 0.0984563541253202, -0.13315780187435952, 0.13342163037570245, 