{"meta": "lr", "classes_": [0, 1], "coef_": [[0.04267527832793422, 0.6389018159772019, -0.978490239484906, 0.3821970741493327, 0.6753371085819765, -0.17840430513191385, 1.0405280862360824, 1.0480875283009625, 0.1184557808562585, 2.1905495783163826, -1.1969669985793743, 1.4139191173472134, 1.330962604114634, -0.3320097824900167, 0.5574228163822631, -0.6629240183300861, 0.23912246969365356, 1.052662241169718]], "intercept_": [-3.816651149723931], "n_iter_": [40], "params": {"C": 0.1, "class_weight": "balanced", "dual": false, "fit_intercept": true, "intercept_scaling": 1, "l1_ratio": null, "max_iter": 500, "multi_class": "auto", "n_jobs": 4, "penalty": "l2", "random_state": 1618, "solver": "lbfgs", "tol": 0.0001, "verbose": 0, "warm_start": false}}