{"meta": "lr", "classes_": [0, 1], "coef_": [[0.43530915713376933, 0.15749745507062987, -0.7464468762062213, 0.28027518986720423, -0.057998753698930296, -1.6816145639511493, 0.6762930568877836, 1.5470848495146245, 0.6997654035920221, 0.9616093826254835, 1.3542704107032328, -0.44867528921775324, 1.693341277155427, 1.334392938878309, -0.2510982160129616, 0.9328467659125652, -1.0541629666886227, 0.07017805701619126, 0.43509561449063167]], "intercept_": [-3.2558649003067655], "n_iter_": [71], "params": {"C": 10, "class_weight": "balanced", "dual": false, "fit_intercept": true, "intercept_scaling": 1, "l1_ratio": null, "max_iter": 500, "multi_class": "auto", "n_jobs": 4, "penalty": "l2", "random_state": 1618, "solver": "lbfgs", "tol": 0.0001, "verbose": 0, "warm_start": false}}