{"meta": "lr", "classes_": [0, 1], "coef_": [[0.1694183232456985, 0.4128096457124805, -0.6063907576460952, 0.24041409273423367, 0.05944386318103134, -0.07655103130066593, 0.45724206910319987, 1.5439739291028485, 0.779551475739495, 2.7640758199793165, 0.8836560812020325, 0.15732547246281142, 1.2479522028870926, 0.9544485911141339, -0.32656414006251505, 0.5487207126727824, -0.44594639826450355, -0.015154941016159417, 0.41753060163595035]], "intercept_": [-2.6515200408773705], "n_iter_": [7], "params": {"C": 0.1, "class_weight": "balanced", "dual": false, "fit_intercept": true, "intercept_scaling": 1, "l1_ratio": null, "max_iter": 500, "multi_class": "auto", "n_jobs": 4, "penalty": "l2", "random_state": 1618, "solver": "liblinear", "tol": 0.0001, "verbose": 0, "warm_start": false}}