{"meta": "lr", "classes_": [0, 1], "coef_": [[0.05063558510337144, 0.8064777031161467, -1.4823829097168721, 0.4282905197131631, 0.8089391155083588, -4.187378874972251, 1.2994053092110622, 1.2244453352466713, 0.15273166442880343, 3.5168988244885897, 3.461168184033923, -3.089123612071162, 2.3379479738454223, 2.805186111951146, -0.3012681146256093, 0.8993672473992751, -0.35060529597505885, -0.05202706751953107, 1.291149788282087]], "intercept_": [-4.457274333461663], "n_iter_": [10], "params": {"C": 10, "class_weight": "balanced", "dual": false, "fit_intercept": true, "intercept_scaling": 1, "l1_ratio": null, "max_iter": 500, "multi_class": "auto", "n_jobs": 4, "penalty": "l2", "random_state": 1618, "solver": "liblinear", "tol": 0.0001, "verbose": 0, "warm_start": false}}