{"meta": "lr", "classes_": [0, 1], "coef_": [[0.0520268401925701, 0.8317691491270133, -1.4787449110321247, 0.41114818772912687, 0.8411486224580661, -4.198992731640706, 1.2877185073116892, 1.2271724758158151, 0.14458556215334342, 3.452503978035339, -3.116997416632036, 2.355986942317887, 2.8002477096217513, -0.33006235591068966, 0.9078007324151107, -0.35374584177302393, -0.05986049432074793, 1.293813821241382]], "intercept_": [-4.458963377636877], "n_iter_": [10], "params": {"C": 10, "class_weight": "balanced", "dual": false, "fit_intercept": true, "intercept_scaling": 1, "l1_ratio": null, "max_iter": 500, "multi_class": "auto", "n_jobs": 4, "penalty": "l2", "random_state": 1618, "solver": "liblinear", "tol": 0.0001, "verbose": 0, "warm_start": false}}