{"meta": "lr", "classes_": [0, 1], "coef_": [[-0.08892031896208394, 0.9989571412571917, -1.080707829028838, 0.3704953402446848, 1.0192105380541783, -1.820022187895455, 0.8253015325003045, 0.977101817220397, -0.05417660872898933, 2.611490921279834, -2.135004677287495, 2.110794096299301, 1.809243584560232, -0.4854239275090761, 1.2433841427883425, -0.9731307001747447, 0.08298097039135893, 1.1512439426992827]], "intercept_": [-6.188453476170715], "n_iter_": [49], "params": {"C": 1, "class_weight": null, "dual": false, "fit_intercept": true, "intercept_scaling": 1, "l1_ratio": null, "max_iter": 500, "multi_class": "auto", "n_jobs": 4, "penalty": "l2", "random_state": 1618, "solver": "lbfgs", "tol": 0.0001, "verbose": 0, "warm_start": false}}