{"meta": "lr", "classes_": [0, 1], "coef_": [[0.4994723428110386, 0.06256704910376386, -0.7738179034145182, 0.3418506973401831, -0.0013011766778062042, -1.2566377641322255, 0.780224971322863, 1.3877409254711552, 0.618863535554289, 0.9444803418366159, 1.4267590740186522, -0.44399012275456184, 1.7058617264464466, 1.3553611311617255, -0.3372529438054289, 0.9215506545353352, -1.0828552162352294, -0.006110015127445493, 0.41871652476363946]], "intercept_": [-3.9832172786749918], "n_iter_": [70], "params": {"C": 10, "class_weight": null, "dual": false, "fit_intercept": true, "intercept_scaling": 1, "l1_ratio": null, "max_iter": 500, "multi_class": "auto", "n_jobs": 4, "penalty": "l2", "random_state": 1618, "solver": "lbfgs", "tol": 0.0001, "verbose": 0, "warm_start": false}}