{"meta": "lr", "classes_": [0, 1], "coef_": [[0.8519491943527627, 0.11597529758732845, 0.2329349232681326, -0.5328922004769713, 0.1469689066203014, 0.26981025336838627, -0.01696655165285428, 0.11948668009155775, 0.7998000436887045, 0.6476156189083185, 0.7899321313194215, 0.823625015463779, 0.36726376133660527, 0.4872614947547961, 0.23420439493855588, 0.14121113270836747, 0.2619747089479843, 0.11909895294302657, 0.17001260110556488, 0.31565861825917174]], "intercept_": [-2.14978917489785], "n_iter_": [7], "params": {"C": 0.01, "class_weight": null, "dual": false, "fit_intercept": true, "intercept_scaling": 1, "l1_ratio": null, "max_iter": 500, "multi_class": "auto", "n_jobs": 4, "penalty": "l2", "random_state": 1618, "solver": "liblinear", "tol": 0.0001, "verbose": 0, "warm_start": false}}