{"meta": "lr", "classes_": [0, 1], "coef_": [[0.49947234368488314, 0.06256704831840068, -0.773817903697119, 0.3418506996723026, -0.0013011742513909783, -1.2566379422470741, 0.780224966156077, 1.387740929408298, 0.6188635369944457, 0.9444803307485532, 1.4267590772265786, -0.44399007243905114, 1.7058617236797389, 1.3553611277941198, -0.33725293847939164, 0.9215506337275416, -1.0828552407021688, -0.006110023620074689, 0.4187165259404707]], "intercept_": [-3.983217274936576], "n_iter_": [70], "params": {"C": 10, "class_weight": null, "dual": false, "fit_intercept": true, "intercept_scaling": 1, "l1_ratio": null, "max_iter": 500, "multi_class": "auto", "n_jobs": 4, "penalty": "l2", "random_state": 1618, "solver": "lbfgs", "tol": 0.0001, "verbose": 0, "warm_start": false}}