{"meta": "lr", "classes_": [0, 1], "coef_": [[-0.08892031896712331, 0.998957141258899, -1.0807078290264733, 0.3704953402462064, 1.019210538055808, -1.8200221879002898, 0.8253015324998441, 0.9771018172205973, -0.054176608727639054, 2.6114909212806405, -2.1350046772856577, 2.1107940962980423, 1.8092435845611157, -0.48542392751047236, 1.2433841427892178, -0.9731307001744626, 0.08298097039031145, 1.1512439426993544]], "intercept_": [-6.1884534761706], "n_iter_": [49], "params": {"C": 1, "class_weight": null, "dual": false, "fit_intercept": true, "intercept_scaling": 1, "l1_ratio": null, "max_iter": 500, "multi_class": "auto", "n_jobs": 4, "penalty": "l2", "random_state": 1618, "solver": "lbfgs", "tol": 0.0001, "verbose": 0, "warm_start": false}}