{"meta": "qda", "means_": [[0.04086542705828796, 0.25567876238426707, 0.03669259913797085, 0.10449677099751699, -0.006039507777867391, 0.0017652305107638674, 0.09635042609249807, 0.32873569371934247, 0.3011434597456679, 0.015773993932392094, -0.15155439862974596, -0.013829527733443684, -0.026105637596899395, 0.08073756458122999, -0.07212499989642591, -0.10083590935658854, 0.039992502537841756, 0.14682808219353308], [1.6306632465257274, 2.514760172127205, 1.0227021683150865, 1.098514739390046, 1.4678741057443774, 0.02461804946514094, 0.7728047850179913, 2.263693564746695, 2.0402732549411073, 0.39220193028846856, 1.203226673751621, 0.9830238647174019, 0.9270601149098979, 1.5078923941597948, 0.9999519158930892, 1.2831174425164598, 1.4227964389323637, 1.5950513594110065]], "priors_": [0.894185516927281, 0.105814483072719], "scalings_": [[2.4677119835823738, 0.6593714762959715, 0.5142639356384986, 0.268793241896681, 0.1652172176910875, 0.11121663537001136, 0.10970325208617775, 0.10823120847478654, 0.0935377211361528, 0.06363918040617937, 0.060742897404695254, 0.05562902628029973, 0.042569745171517966, 0.03156003813692363, 0.02065594150872364, 0.014246476290490405, 0.011874785728256222, 0.0011313302168497281], [6.791905363667289, 1.299782848297999, 0.5507296912724109, 0.35582495286061566, 0.2838129750783398, 0.20290219652175495, 0.17146901058882763, 0.12848786017398886, 0.10010355081205151, 0.06828826451669445, 0.058301100845609154, 0.04002573249157448, 0.016692422869939025, 0.013993178202044647, 0.011280099449250625, 0.010478832172786607, 0.007600864536898101, 0.006060846193224689]], "rotations_": [[[0.39265479758925464, 0.0512777843663567, 0.4038579602155286, -0.10161982908617725, 0.10260251046239273, 0.04721775621619554, 0.023254838225684304, -0.009655049748148752, 0.12825113406529814, -0.07765368194470652, 0.06796245080713657, 0.09566205563061304, -0.1658694686348931, 0.08207175510131379, 0.7408026622651783, -0.18334338199033093, -0.05482116504909562, 0.021642382568873138], [0.3663813219236224, 0.536462181705268, 0.1922131445088145, 0.590498955208307, -0.2842807607815066, -0.1382058511258225, -0.20878870086359885, 0.0345182515433745, 0.02919819370720403, -0.06577956724188139, -0.05709492132662775, -0.012545596090844609, 0.006460657564353822, -0.019143039341748505, -0.18250347010649193, 0.06837023832036453, 0.02371289238911073, -0.009396519408369464], [0.2872354288634722, -0.14406275951467912, 0.5300436061884701, -0.32049041991128546, -0.26834570817399883, 0.27424147282343514, 0.31529060551712207, -0.1748111199310061, 0.051852232134866005, -0.06820295389047415, 0.08849743558407722, -0.03143090191372891, 0.04576661211306231, 0.012917993747795106, -0.436867907925958, 0.15961619592489287, 0.03222308912043168, -0.010286861843476488], [0.08133487113630442, 0.03406314313615942, 0.027771173644132785, -0.04033267414629498, 0.16916081536129587, 0.43793264035944807, -0.48184476841873725, 0.18857006694607434, -0.40274998839662923, 0.02198054077725458, 0.5471336387371827, 0.16595808739960446, 0.043669596507196096, -0.021681106335691605, -0.06901252071160227, 0.06629508554078578, 0.02273537470032946, -0.007292322538607297], [0.23888577314332315, -0.084862866055727, 0.17128037444087005, -0.17894652627442853, 0.6131672181526429, -0.43447872338300547, -0.2598966962496865, 0.2045124403902422, 0.26501699069436574, -0.13238156084674127, -0.030361972261883537, -0.052597479891196244, -0.02061595465701782, -0.03843552940803385, -0.3053736643073335, 0.1074493821019893, 0.04359571184200439, -0.0143895972992906], [0.0023970821768135313, -0.002488373704218637, 0.0005614943477691107, -0.005332099507944233, -0.0022025896003410985, 0.007106357087958936, 0.0003318877217085856, -0.0043669357132919764, -0.0069524566369919, -0.0004562600581833623, -0.014794583148269464, -0.0035939031192519736, -0.0014751332688694952, -0.004681751865272068, 0.022349104630029162, -0.03838984934618707, 0.025205970551842063, -0.9984847239722099], [0.07011221962270242, -0.01711639363666701, 0.12970535808790895, -0.1232113281136595, 0.08546462292377413, 0.33966648748792544, -0.35770863489747456, -0.01643739216625331, -0.251581866912454, 0.1349681496247522, -0.781866036564475, -0.1297719723087781, 0.01777983040948531, -0.01961430169678693, -0.0031146589265030125, -0.03197111148919671, -0.013051449531265302, 0.017761669213477622], [0.09214235216757738, 0.47797680571447854, -0.3307945455552556, -0.3556272554226878, 0.03661733288506274, 0.1503638238826956, 0.20267421744365494, 0.17095176702803067, -0.08152690260533171, -0.6292656307173488, -0.12685209364794242, 0.08969056092053433, -0.057784691989434596, 0.009094241051499485, -0.03299770026941849, 0.018542919749610677, -0.03587791009200823, 0.0011496486668491333], [0.08807317306076518, 0.493457286795214, -0.1500961197789925, -0.5070764712324329, -0.12347158055916611, -0.10062090544892867, -0.10794995102985483, -0.05773354544318109, 0.19205244206449112, 0.6130907187058945, 0.10042666831695646, -0.05950568647039612, 0.031117220554931217, -0.02358521726428902, -0.0024126998475904812, -0.004674014406038138, 0.0280726983996826, -0.0006142610261631628], [0.00493531505847647, 0.0037531489804477087, -0.0003274675652336379, -0.011544121819894719, -0.006011642626700441, -0.0072094674584236625, 0.02759040046649304, -0.005027413775051352, -0.04717539331746456, -0.045518580359092294, -0.009762098680083193, -0.022892260257683057, 0.028086803413170932, -0.02292487539353648, 0.03641557222303923, -0.19009705257653972, 0.9768000348799346, 0.03348190971828569], [0.366479440851662, -0.2073056166916083, -0.35695341768333727, 0.06829133453482858, -0.017193414667721583, 0.07616532204612733, 0.0345631058162435, -0.06437982262661947, 0.08299013518224894, 0.10964769368707553, -0.09743537467962231, 0.2212256871586355, -0.08826452068353687, 0.05631487920497112, 0.16491183947558272, 0.7347010266332396, 0.15345727691461758, -0.01909281924110352], [0.1959661943129707, -0.16660633556876517, -0.2542201300538175, -0.04905970399506937, -0.15613573448518603, 0.056972983643353056, -0.3197685495247162, -0.22707259421801718, 0.23955009994863655, -0.20025073930123505, 0.0763439119630462, -0.26125639967646247, 0.2863413133915562, 0.6282868182221629, -0.02544468633396365, -0.1889812744893618, -0.026252890395395807, 0.0035388448619794607], [0.2171896298429282, -0.21552854204743582, -0.12847543395425098, -0.09605252647837702, -0.2535098197439524, -0.08601181113496656, -0.1611356602478658, 0.04073511455149974, 0.13632801203610678, -0.1037141816489232, -0.058665278080589155, 0.35035003778096235, 0.5265888129911273, -0.5442779368105309, 0.04878675832585022, -0.21461582314191724, -0.0613322003665945, 0.009490289333443171], [0.2525554352768098, 0.13296816350891844, -0.09346263628612425, 0.2138702256795701, 0.46321228255957264, 0.17725479423017493, 0.44686918968476413, -0.03916484133132211, -0.13530735158289467, 0.19784743333904384, 0.025233625374767345, -0.22510647044122042, 0.549930626116284, -0.0035930553329206827, 0.02396530506466331, -0.05973829551937591, -0.038778193252901674, 0.0019866305264805905], [0.22123992113233992, -0.09170695308463246, -0.24762455101492706, 0.06120853416965004, 0.035080899573998, 0.19372654707100018, -0.07147741489593612, -0.26169482190366145, 0.13229107872394816, -0.08363546626262491, 0.14051918023506466, -0.5453864254563323, -0.38217006699075345, -0.5124319248683054, -0.020071728793013333, -0.11634568898762801, -0.029896992324577102, 0.007950383182050979], [0.35910718407839887, -0.15199306577721117, -0.24158739440646887, 0.0968424391668018, 0.0494025676641405, 0.06989538334428284, 0.17912933042211776, 0.14115515273572168, -0.02923622753833701, 0.24042148576542394, -0.07299641264041805, 0.3872772672558513, -0.38167728397478345, 0.175320733971926, -0.29375904278086573, -0.49091004050037834, -0.05540961283582862, 0.010842311845700576], [0.27631637031074197, -0.1918329424780459, -0.05446760795316465, -0.15413203882266296, -0.28650691836296666, -0.41047548486976765, 