{"meta": "qda", "means_": [[-0.01712627313006757, -0.0524993787043867, 0.25761322615454624, 0.036426397531694854, -0.22446100681403336, 0.001441783155656212, 0.04096786052380633, 0.19474019281272154, 0.1734799680827076, 0.013696769713537157, 0.03848007364566338, -0.14468814121507922, -0.09675473793605273, -0.12216076457898824, 0.22350271184374865, -0.1056317813796795, -0.08901514252795856, 0.24242467980368476, 0.09572057951808899], [1.2200628494556662, 1.0991269791844378, 1.329771952699834, 0.7970619762753701, 1.1152664218600417, 0.013786408009196978, 0.5258448288805275, 1.9177090654731894, 1.751045899982977, 0.3121740175310889, 0.29772034392210306, 0.8980156461066703, 0.8826523343390849, 0.8602982967634923, 1.550048028919025, 0.9805649760475494, 0.8628943240382613, 1.5602837503100688, 1.8373982213953441]], "priors_": [0.7186218211648893, 0.28137817883511074], "scalings_": [[1.1755946755750655, 0.33012252045195034, 0.2018093227605145, 0.10962270906516373, 0.10401639539993758, 0.09874461666310512, 0.06400440999602153, 0.056788988351746054, 0.040291108741357405, 0.03888055915342643, 0.03784605417161978, 0.029769191535431002, 0.027070552307229902, 0.025744808983560873, 0.024057745251019478, 0.01117055543390231, 0.008598269308840195, 0.0073586594391330685, 0.002019384447691083], [7.968863365340641, 0.9466838906943706, 0.6054711811497497, 0.36140459357730376, 0.28040973413389103, 0.1973687833191775, 0.15911478058070014, 0.14255669282989575, 0.11790518973015572, 0.09588527688003423, 0.08616075567536467, 0.06680689628724747, 0.03670886549272916, 0.020159110708523963, 0.01446631157062353, 0.012055736149344303, 0.009127608947703841, 0.008893681159929062, 0.004680295263996776]], "rotations_": [[[0.3689029415675436, -0.0406975582307666, 0.3820553400665219, -0.004403926716548885, 0.024166880416227436, -0.13791759364532766, -0.06381578214639877, -0.24658319072653653, 0.000630998723007012, 0.011338257441120908, 0.10939062466936018, 0.10333808873970636, -0.02151717640423494, -0.13400944987079252, -0.17832719496919006, 0.717039611013072, -0.0577235649809801, -0.19438802016499812, -0.05938835387388693], [0.20838653544398644, -0.2421300182472835, 0.24208727554465576, 0.006259495353984489, 0.5892464934161988, 0.05222560033055324, 0.17811924559756143, -0.5417926071608195, -0.0655756831041125, -0.04667874618250843, -0.022006867832736705, -0.07848846424866585, 0.02755923026868209, -0.0050096093094733896, 0.0875201187638544, -0.35635443277941015, 0.0353426015752649, 0.11560352972448844, 0.030464487457109363], [0.3924457432033943, 0.13919657253931378, 0.5146004806903381, -0.3193004960276009, -0.20398187435547263, 0.39846966322579247, -0.2696467030836418, 0.24530564566125945, 0.09448027298281425, 0.021055640913298267, 0.10051227649715914, -0.024601371028558718, 0.01878879864925135, 0.08966808606694483, -0.005683161288873348, -0.2843562688212586, 0.02527531271782267, 0.1269521767909263, 0.021345611530591665], [0.06819211545683157, -0.012178177511635451, 0.0537221823193384, 0.0216776987073029, -0.016464142437597175, -0.09191682192128142, -0.03164620564429067, 0.0006867454477314829, -0.4735107947135073, 0.185597295204613, -0.33878122827491053, 0.10224777925118944, 0.16066491788940013, 0.7368188015665792, -0.1515470755318937, 0.06524896022999416, -0.02343290220395358, 0.04061332361448953, 0.010000102553241831], [0.24904036251602799, 0.053125861350955095, 0.1574900774389958, 0.27695239179904163, -0.5040659447593621, -0.6268831668426171, 0.10346070477514774, -0.18358179049369006, 0.057743202185894446, -0.04631743294611209, 0.10839309285492948, -0.07602030976245688, -0.04051118287664881, 0.029954588535165992, 0.07982722268170159, -0.3124514342937112, 0.023519187282627946, 0.10465384548065354, 0.0336063522273624], [0.0025318065665867508, 0.002683788601625741, 0.0011368472094794785, -0.004993526675104688, 0.002185656267840691, 0.005621131254561231, -0.0019259257394664, 0.003976766946467391, -0.003042976591205688, 0.00423896624477296, -0.006306637277211974, 0.008623074821331763, -0.007574855910803582, -0.02098375434445934, 0.0037834969250882737, 0.06575135845218129, -0.005367698244022446, -0.04867235930031367, 0.996257917747354], [0.06758875858089393, 0.028024406521600577, 0.08905683265366443, -0.012089248624812603, -0.08310799285411827, -0.03852659930098086, -0.10245422535113889, 0.07981576384447708, -0.591869279733141, 0.1201250176009535, -0.4510460387538278, 0.05651525460575093, -0.06442621917172442, -0.6028315928254904, 0.11762236130831653, -0.08983405873048542, 0.012113752818053072, 0.012292455134808955, -0.013228813247909903], [0.08146147048019868, -0.6579623717078064, -0.14584028456444287, -0.16588260120215167, -0.13610993780688996, -0.00880090026631251, 0.017567442910629418, 0.0981931865335327, -0.15894774770664494, 0.535115768878172, 0.3904665700182766, -0.07601769431521319, -0.07445920406549726, -0.027564827151549513, 0.049611213470956886, -0.01922054526190174, -0.06368135697121217, 0.007848588605295128, 0.0012318125597774025], [0.08494290405174763, -0.6250432047999988, -0.06831960649055112, -0.1968195182993072, -0.21217452159294362, -0.014236286763729546, -0.06890976372524613, 0.03369807884724588, 0.19175783241871425, -0.5401619357015673, -0.40561600397726516, 0.10169197105258762, 0.0429648288625627, 0.02306615817699703, -0.03876832718272781, 0.01715037712696655, 0.0023481475195004944, -0.0017743051323475777, 2.741606344353921e-05], [0.0022654115421527985, -0.046319149097148876, -0.0013526247638560075, 0.012915539627750397, -0.01738767133289643, 0.005721381281016503, -0.017986093806440295, 0.002285662577308132, -0.010079681219860545, 0.048686806017236635, 0.016517854044549356, -0.0028632493856609563, 0.01104981450867685, 0.022682370843017257, 0.021316775461293028, 0.052875999886646825, 0.9884488647021412, -0.11547774293960528, -0.0032863067005001042], [0.008669399053316106, -0.020793967675970734, 0.0005792279397101052, 0.055136864289181645, 0.010730142910444877, -0.036056152360243045, 0.08238616597827826, 0.049898406205405525, 0.06764820387051741, 0.08831650211303937, 0.13104523027091466, 0.6107723953466688, 0.7256740268196828, -0.17435617121618618, -0.09697645996769856, -0.12863273737876155, 0.00233694656411908, 0.01254509130318768, 0.007152008554688364], [0.3430902441025508, 0.08523429406729811, -0.3756820948911689, 0.013618204456918534, 0.11533088360119068, -0.03714968505132883, -0.11078133469580255, 0.009719700776789297, 0.08867154345973971, 0.06225666986700795, -0.03818561339677791, 0.15986610641574117, -0.18612414533430185, -0.07298526382567289, -0.2804611487923008, 0.11013822513162075, 0.09057198298603017, 0.7268746463694276, 0.024322911233777895], [0.2439639021324732, 0.10032257470603662, -0.3614744187034155, -0.08915793852427445, -0.08036817709591632, 0.04636472608654879, -0.24810375252637465, -0.21768736973336628, -0.029539531638875807, 0.005544680302885973, -0.03072078891054872, -0.5724182798475069, 0.4792458982423198, -0.0984144952690824, -0.26291006763951, -0.04662150265503359, -0.018987615717653075, -0.18364129967968362, 0.0005979030363097125], [0.26770913941687124, 0.14769694293101623, -0.2603234131711865, -0.17319381842831338, -0.10218745437865265, 0.07910514695684928, 0.0058625801719746976, -0.25647503975720176, 0.32406560670031825, 0.34253596735222736, -0.3188283537646917, 0.19660916609674603, -0.032729607892671875, 0.08462635188021668, 0.5683717350706394, 0.06115851768208849, -0.037319272690827104, -0.16386201878288445, -0.01789179525647882], [0.2607437192272737, -0.11565589988166625, 0.10401296721157202, 0.33475797735333657, 0.37821013939365605, -0.22336820177047, 0.011584695133236546, 0.5918818771103418, 0.24116747725001295, 0.12670302698834446, -0.20800130911845277, -0.26524482240760566, 0.16692312695030553, -0.002857135031107969, 0.17808994893917005, 0.061861316940710204, -0.01682011598281196, -0.028415326950190917, -0.0045538571691189356], [0.26693284271400197, 0.03860166815712002, -0.25938514569089377, 0.05919463334847718, 0.1517241434157603, 