{"meta": "qda", "means_": [[0.04086542705828796, 0.25567876238426707, 0.03669259913797085, 0.10449677099751699, -0.006039507777867391, 0.0017652305107638674, 0.09635042609249807, 0.32873569371934247, 0.3011434597456679, 0.04917799516783299, -0.15155439862974596, -0.013829527733443684, -0.026105637596899395, 0.08073756458122999, -0.07212499989642591, -0.10083590935658854, 0.039992502537841756, 0.14682808219353308], [1.6306632465257274, 2.514760172127205, 1.0227021683150865, 1.098514739390046, 1.4678741057443774, 0.02461804946514094, 0.7728047850179913, 2.263693564746695, 2.0402732549411073, 0.5277330444263311, 1.203226673751621, 0.9830238647174019, 0.9270601149098979, 1.5078923941597948, 0.9999519158930892, 1.2831174425164598, 1.4227964389323637, 1.5950513594110065]], "priors_": [0.894185516927281, 0.105814483072719], "scalings_": [[2.4678053214921913, 0.6596599369364327, 0.5144215253096106, 0.2687607022380482, 0.16522307170137931, 0.11123217406566654, 0.10995915661668226, 0.10823602358987996, 0.09362382731252429, 0.06354916065078724, 0.0607416489101301, 0.05569306392398978, 0.04255428342387237, 0.03323348584415737, 0.03137818388974576, 0.02063727451751329, 0.014157565531158912, 0.0011370617237350012], [6.799101395760096, 1.300201860563192, 0.5508830583717185, 0.35082704054471514, 0.28803109566882096, 0.20468160943057254, 0.17160753430129097, 0.14948811660770947, 0.09453666046389132, 0.07169322921624234, 0.058132655011876415, 0.039081033891332065, 0.016743438367579626, 0.013823063263758708, 0.011349137276411668, 0.010593828393439654, 0.007621031106358033, 0.0060686702383495415]], "rotations_": [[[0.3926350606438124, 0.05064742912531531, -0.40395981060150676, 0.10166145364028717, -0.10255798812689204, 0.04812533944032205, -0.018953367255194736, 0.008784152097153433, 0.1285857152362999, 0.07840026057291871, -0.06687455482100298, 0.09518040926959445, 0.16570745387644922, 0.005421788450540391, 0.08937694662927949, -0.7399274895887035, -0.1918698037232069, -0.02208341379241848], [0.3663960926327082, 0.535981893806792, -0.19320413558661098, -0.5904005615648635, 0.2846245358990681, -0.1527549881462821, 0.1997552263156673, -0.02934946791421222, 0.026492452268668858, 0.06501139213314447, 0.05741053210983448, -0.013613087895115332, -0.006719703064493723, 0.008405762603154562, -0.01780521094265755, 0.18263668905856062, 0.07194542750951095, 0.009650862660538736], [0.2872043307003206, -0.14474607564008843, -0.5297126965633209, 0.32036792491407223, 0.26785984566333926, 0.296400267187443, -0.2994718421091416, 0.16666146640378107, 0.05613031723056977, 0.06949911926332368, -0.08744335939304719, -0.03018527433435764, -0.045903549341463956, -0.026050193539245346, 0.004149110067725805, 0.4359186961644189, 0.16369949937522463, 0.010287011776242057], [0.08133427068998023, 0.033990804250074946, -0.027856456116049685, 0.04041618603558154, -0.16891170912413891, 0.40437998704100175, 0.5109844567191936, -0.17898397436491512, -0.40660091912659024, -0.015642244984079245, -0.5462776632235606, 0.16914625162976107, -0.043224397431995236, 0.007647984222549956, -0.02022062025829881, 0.06922440919192657, 0.06957716544300438, 0.007599500729055813], [0.2388658309358488, -0.0851948938213538, -0.171246416438502, 0.17912513598687443, -0.6125964974042786, -0.45393521567621803, 0.23574851295213972, -0.19721201888215079, 0.25923645233434633, 0.13181658163709617, 0.030394841968099644, -0.05574120377204649, 0.019644347572283945, 0.039690470102960104, -0.028210973406861226, 0.3063863406839056, 0.11409724255262091, 0.014637759546232202], [0.0023975808608344197, -0.0024752383870715253, -0.0005404360843446074, 0.005308090612049208, 0.0021542561710980604, 0.007267887468758369, -0.00016809415971432963, 0.004359657601614383, -0.007015359689836886, 0.00020233150080701075, 0.014645552234526547, -0.0039961600163146375, 0.0013956714862286528, 0.014391381579629317, 0.00026603098846296984, -0.021109202697743735, -0.03444030109300435, 0.9988806625458652], [0.07010291154175469, -0.01732217767823368, -0.1296952184161136, 0.12323809857084447, -0.08531426167079655, 0.3154077389669107, 0.377571672742503, 0.02335762616825452, -0.2534236515051172, -0.14314097436307854, 0.7796661363072278, -0.13434059361992876, -0.01849849637243874, 0.012307913151683605, -0.016938872466681017, 0.002997114913568681, -0.03398805826747249, -0.018060823697347902], [0.09217587021561979, 0.4783082339404134, 0.3299673909956815, 0.35562123986135896, -0.036741010422251946, 0.16334302958796712, -0.18672470312287595, -0.1762167951541619, -0.07588450039659435, 0.6285693050530157, 0.13517100691195497, 0.09032190852996115, 0.056853180042185016, -0.042666598811212035, -0.005318526374094342, 0.03043047655942131, 0.011539334164916624, -0.0018219773424030077], [0.08809689875938705, 0.49343099011935515, 0.14911502145167252, 0.5073688576709143, 0.12410785617792638, -0.10907369951389376, 0.10085783760965031, 0.06036494361135016, 0.1886676448100111, -0.6127829524289756, -0.10802699539864366, -0.05903008453513815, -0.029807086410715722, 0.023755508658352183, -0.016330044078039386, 0.0039332295302819745, 0.0009385524918068197, 0.0012913710281025003], [0.007933055572327792, 0.021817541951597158, 0.018093726030944796, -0.002614842196863962, -0.009319421155286216, 0.018286929110411153, -0.06561745081963334, 0.008942187519680584, -0.06582005645335058, 0.023733089014954245, -0.011351013423581883, -0.061607629743810344, -0.03043820641292986, 0.944844720648493, 0.30159104094713785, 0.023723227522889256, -0.011001277432474536, -0.014180062218355174], [0.3664755250912815, -0.2068694600410581, 0.3571727805789413, -0.06820227795024209, 0.017328081438198938, 0.07800431643164522, -0.02923085533053496, 0.06310675443697604, 0.08404680595868061, -0.1103109699896187, 0.09735246295881199, 0.2202176629229597, 0.08785617486183131, 0.010829493207250497, 0.06281440757246778, -0.1652363557584583, 0.7501649773159146, 0.02042181485299941], [0.195956006543333, -0.166365945418429, 0.25432126312287373, 0.049178041924460014, 0.15662193158895094, 0.034882510635637715, 0.31951407746565635, 0.23368505240940166, 0.23613941852440992, 0.19979942849295199, -0.0764827264110042, -0.2621020947632714, -0.28640778750358287, -0.19153779216597355, 0.5986268668808538, 0.02735658785274942, -0.19057364026242893, -0.0038656034248692457], [0.21717138935891717, -0.2154357583137969, 0.1286935765998055, 0.0960878628303232, 0.2537934747583119, -0.09778091468027723, 0.15632747428484603, -0.036885476729127106, 0.13382664443361553, 0.1026524068970964, 0.06038822481957661, 0.34715028361416767, -0.5277718985158056, 0.19117884593513018, -0.510747818761593, -0.049564684611513005, -0.223005567507022, -0.010339581662728982], [0.2525729988532963, 0.13316677254540638, 0.093362552971706, -0.21397499180066104, -0.4638185036644148, 0.20846675535867742, -0.43327723225942477, 0.02834302632555543, -0.1273609755361654, -0.19933397473507855, -0.02772057120211335, -0.2204191547678981, -0.5479624147100164, -0.07418947603601864, -0.02728781304016246, -0.026483811132515953, -0.06578659262117138, -0.0021174228271384314], [0.2212420690144569, -0.09138488511638053, 0.24772384890033142, -0.0611704814861313, -0.035020876853022735, 0.18931014682212027, 0.07997285279355798, 0.2623013263957299, 0.13235761480438574, 0.08403095321217131, -0.14262987122844487, -0.5442949968043946, 0.38288167576306076, 0.13271180909417093, -0.4951602670491339, 0.018708731068545398, -0.11975616249242793, -0.007954242900243212], [0.3591028273593157, -0.1517059413808553, 0.2417500193968214, -0.09678488891773138, -0.04941180420825701, 0.08092671608506556, -0.16958531118095835, -0.14553516707645497, -0.02619109644365561, -0.24047716342345068, 0.07304427723797065, 0.38821442857415944, 0.3824203918619037, -0.041875233237304944, 0.1704478131389964, 0.2966215553427907, -0.49150462122585137, -0.010775946788173103], [0.27630202496009604, -0.19172788615909253, 0.05480945282259481, 0.15390600885110028, 0.2859983082149236, -0.4028569999829139, -0.10547167180703952, 