{"meta": "qda", "means_": [[0.04086542705828796, 0.25567876238426707, 0.03669259913797085, 0.10449677099751699, -0.006039507777867391, 0.0017652305107638674, 0.09635042609249807, 0.32873569371934247, 0.3011434597456679, 0.0, 0.015773993932392094, -0.15155439862974596, -0.013829527733443684, -0.026105637596899395, 0.08073756458122999, -0.07212499989642591, -0.10083590935658854, 0.039992502537841756, 0.14682808219353308], [1.6306632465257274, 2.514760172127205, 1.0227021683150865, 1.098514739390046, 1.4678741057443774, 0.02461804946514094, 0.7728047850179913, 2.263693564746695, 2.0402732549411073, 0.0009944722820085297, 0.39220193028846856, 1.203226673751621, 0.9830238647174019, 0.9270601149098979, 1.5078923941597948, 0.9999519158930892, 1.2831174425164598, 1.4227964389323637, 1.5950513594110065]], "priors_": [0.894185516927281, 0.105814483072719], "scalings_": [[2.174169586865899, 0.7274971810367763, 0.6114111485107978, 0.41503459351734434, 0.3321737741528702, 0.2889733082960092, 0.2877626016689422, 0.2865849667798293, 0.27483017690892253, 0.2509113443249433, 0.24859431792375616, 0.24450322102423977, 0.2340557961372144, 0.22524803050953893, 0.2165247532069789, 0.21139718103239233, 0.209499828582605, 0.20090506417347978, 0.2], [5.633527064393907, 1.2398287774827212, 0.6405863646682898, 0.48466028926764504, 0.42705149543753373, 0.3623234948846291, 0.3371754396518096, 0.30279584970367646, 0.2800832290616497, 0.25463218845218516, 0.24664248071956812, 0.2320206110931023, 0.21335472085011087, 0.21119518145525942, 0.20902736941051198, 0.20838414695225707, 0.20608149618736732, 0.20485262896697504, 0.2005204563285891]], "rotations_": [[[0.3926547975892544, 0.05127778436635819, 0.40385796021552794, -0.10161982908617749, 0.102602510462393, 0.04721775621619564, 0.023254838225683937, -0.009655049748149229, 0.12825113406529884, -0.0776536819447065, -0.06796245080713592, 0.09566205563061414, 0.16586946863489233, 0.08207175510131451, 0.7408026622651781, -0.18334338199033098, -0.05482116504909474, 0.021642382568872985, 0.0], [0.3663813219236224, 0.5364621817052679, 0.19221314450881266, 0.5904989552083072, -0.2842807607815067, -0.13820585112582054, -0.20878870086360068, 0.0345182515433772, 0.029198193707202995, -0.06577956724188043, 0.05709492132662853, -0.012545596090844102, -0.006460657564353892, -0.019143039341748797, -0.18250347010649132, 0.06837023832036467, 0.023712892389110556, -0.009396519408369263, 4.951253217408246e-16], [0.2872354288634721, -0.14406275951467687, 0.5300436061884704, -0.3204904199112857, -0.2683457081740005, 0.27424147282343186, 0.3152906055171221, -0.17481111993100956, 0.05185223213486713, -0.06820295389047554, -0.08849743558407638, -0.031430901913728854, -0.045766612113062544, 0.012917993747794652, -0.4368679079259581, 0.159616195924893, 0.032223089120431654, -0.010286861843476651, -2.413898756260752e-16], [0.08133487113630439, 0.03406314313615982, 0.02777117364413271, -0.04033267414629499, 0.16916081536129524, 0.4379326403594528, -0.48184476841872637, 0.18857006694608738, -0.4027499883966324, 0.021980540777249296, -0.5471336387371823, 0.16595808739960508, -0.0436695965071964, -0.021681106335691133, -0.06901252071160213, 0.06629508554078586, 0.02273537470032931, -0.007292322538607277, -1.4136103098920322e-15], [0.2388857731433231, -0.08486286605572634, 0.17128037444087005, -0.1789465262744287, 0.613167218152644, -0.43447872338300364, -0.25989669624969003, 0.20451244039024238, 0.26501699069436535, -0.13238156084674013, 0.03036197226188455, -0.05259747989119537, 0.020615954657017623, -0.03843552940803388, -0.3053736643073337, 0.10744938210199009, 0.04359571184200452, -0.014389597299290185, -3.8076582285549525e-17], [0.00239708217681353, -0.0024883737042186355, 0.0005614943477691708, -0.005332099507944187, -0.0022025896003411627, 0.0071063570879592395, 0.00033188772170861594, -0.004366935713291629, -0.006952456636991673, -0.0004562600581834824, 0.01479458314826921, -0.003593903119251831, 0.00147513326886968, -0.004681751865272115, 0.02234910463002838, -0.03838984934618692, 0.025205970551841924, -0.99848472397221, -3.177185289533579e-16], [0.07011221962270239, -0.017116393636666317, 0.1297053580879089, -0.12321132811365978, 0.08546462292377383, 0.33966648748793044, -0.35770863489746946, -0.016437392166243885, -0.25158186691245565, 0.13496814962475912, 0.7818660365644733, -0.12977197230877938, -0.017779830409484623, -0.01961430169678667, -0.0031146589265027835, -0.03197111148919643, -0.013051449531265686, 0.017761669213477372, 3.3901033921554877e-15], [0.09214235216757738, 0.47797680571447765, -0.330794545555257, -0.35562725542268897, 0.03661733288506125, 0.15036382388269026, 0.2026742174436585, 0.1709517670280282, -0.08152690260532844, -0.6292656307173468, 0.12685209364794928, 0.08969056092053902, 0.05778469198943282, 0.009094241051499008, -0.0329977002694181, 0.018542919749611465, -0.03587791009200845, 0.0011496486668492545, 9.451703097287785e-16], [0.08807317306076515, 0.493457286795213, -0.15009611977899395, -0.5070764712324316, -0.12347158055916613, -0.10062090544892657, -0.107949951029857, -0.057733545443180066, 0.19205244206448907, 0.6130907187058948, -0.10042666831696337, -0.05950568647040096, -0.031117220554929353, -0.02358521726428838, -0.002412699847591189, -0.004674014406039317, 0.028072698399682804, -0.0006142610261633276, -1.1973436433869845e-15], [8.077935669463161e-28, 1.6940658945086007e-21, 0.0, 0.0, 0.0, 1.1102230246251565e-16, -1.3322676295501878e-15, -2.0261570199409107e-15, 2.7755575615628914e-17, -1.8318679906315083e-15, 4.052314039881821e-15, 1.7486012637846216e-15, -4.440892098500626e-16, 5.551115123125783e-16, -1.1102230246251565e-16, -7.077671781985373e-16, 1.817990202823694e-15, 2.7755575615628914e-16, -0.9999999999999998], [0.0049353150584764745, 0.0037531489804476905, -0.00032746756523366533, -0.011544121819894717, -0.0060116426267005545, -0.007209467458423742, 0.02759040046649304, -0.005027413775052266, -0.04717539331746474, -0.04551858035909263, 0.0097620986800835, -0.022892260257682633, -0.028086803413170783, -0.02292487539353774, 0.03641557222303709, -0.190097052576545, 0.9768000348799338, 0.033481909718285484, 1.9044923268288086e-15], [0.366479440851662, -0.20730561669160946, -0.35695341768333616, 0.06829133453482863, -0.017193414667722007, 0.07616532204612744, 0.0345631058162437, -0.0643798226266202, 0.08299013518224839, 0.10964769368707858, 0.09743537467962131, 0.2212256871586344, 0.08826452068353532, 0.05631487920497047, 0.1649118394755835, 0.7347010266332387, 0.15345727691462174, -0.019092819241103808, 4.631254077001341e-16], [0.19596619431297077, -0.166606335568766, -0.2542201300538168, -0.04905970399506901, -0.1561357344851863, 0.05697298364335879, -0.31976854952472183, -0.2270725942180123, 0.23955009994863538, -0.20025073930123705, -0.0763439119630446, -0.26125639967646186, -0.28634131339155783, 0.6282868182221614, -0.02544468633396356, -0.18898127448936075, -0.026252890395396467, 0.0035388448619793973, 1.3147979735999533e-15], [0.21718962984292825, -0.21552854204743616, -0.1284754339542502, -0.0960525264783769, -0.25350981974395254, -0.08601181113496514, -0.16113566024786724, 0.040735114551501486, 0.13632801203610728, -0.10371418164891708, 0.05866527808058993, 0.35035003778096147, -0.5265888129911261, -0.5442779368105329, 0.048786758325850055, -0.21461582314191802, -0.06133220036659583, 0.00949028933344325, 8.839242619244176e-16], [0.2525554352768098, 0.13296816350891852, -0.09346263628612453, 0.21387022567956993, 0.46321228255957325, 0.17725479423017057, 0.44686918968476697, -0.03916484133132816, -0.1353073515828937, 0.19784743333904042, -0.02523362537476972, -0.22510647044122356, -0.5499306261162831, -0.0035930553329225788, 0.023965305064663184, -0.059738295519376414, -0.038778193252901896, 0.0019866305264805016, -1.1979510413231926e-15], [0.22123992113233992, -0.0917069530846332, -0.24762455101492625, 0.06120853416965015, 0.035080899573998146, 0.19372654707100362, -0.07147741489593912, 