{"meta": "qda", "means_": [[-0.01712627313006757, -0.0524993787043867, 0.25761322615454624, 0.036426397531694854, -0.22446100681403336, 0.001441783155656212, 0.04096786052380633, 0.19474019281272154, 0.1734799680827076, 0.1273345018964093, 0.09283582895390866, -0.14468814121507922, -0.09675473793605273, -0.12216076457898824, 0.22350271184374865, -0.1056317813796795, -0.08901514252795856, 0.24242467980368476, 0.09572057951808899], [1.2200628494556662, 1.0991269791844378, 1.329771952699834, 0.7970619762753701, 1.1152664218600417, 0.013786408009196978, 0.5258448288805275, 1.9177090654731894, 1.751045899982977, 1.5540104890101138, 1.0129147900052076, 0.8980156461066703, 0.8826523343390849, 0.8602982967634923, 1.550048028919025, 0.9805649760475494, 0.8628943240382613, 1.5602837503100688, 1.8373982213953441]], "priors_": [0.7186218211648893, 0.28137817883511074], "scalings_": [[1.1598165009866848, 0.44339257774278107, 0.28288620774761775, 0.20088689812078797, 0.19618705706883371, 0.1915143734999965, 0.18827226413224168, 0.15958974497981832, 0.15225473695731365, 0.14711170882196764, 0.13575745060600025, 0.13458038066838496, 0.1337737505156203, 0.12573067395911353, 0.12287389139828028, 0.12165466541521108, 0.11013543526063627, 0.10663893924685718, 0.10181781482724807], [7.673604246479923, 1.1314946119268134, 0.6579641237565026, 0.6356965815208435, 0.40126948942417684, 0.34750033979333556, 0.2761059470022986, 0.24111408314932928, 0.2268631261847809, 0.2024366905732929, 0.17767069245759734, 0.16723819741736418, 0.13325650122473665, 0.11823438748216944, 0.11303340157209701, 0.11097386901919025, 0.10817860625308452, 0.10797809675057785, 0.10422333901596555]], "rotations_": [[[0.3685610495214788, -0.016129206656755612, 0.3835976939799233, -0.00255792078348847, 0.020402103729433907, -0.02037046277205254, -0.13732138510846337, 0.09808969839659838, -0.19165675489879197, 0.14794260664258174, -0.02285322059669366, -0.02193251540907987, 0.09040588620636911, -0.08733611575228273, 0.12615861514212262, -0.17820722356799118, 0.7227447829226706, 0.19621521199648018, 0.059001865462608216], [0.20932302033322936, -0.2021004794057843, 0.26337987669057644, -0.04246300862951338, 0.4617097082609735, 0.37473237401594967, -0.003675928886210697, -0.07522280373701518, -0.5369919782835277, 0.17915394418129663, -0.07055871546032169, -0.022904251341312194, -0.02942670906413946, 0.08093906502281997, 0.013477223248810483, 0.08457643146894181, -0.3598779398020606, -0.11730953563742447, -0.03016331150671084], [0.3910876148793128, 0.14691873580771975, 0.49650684826540525, 0.35368923307801664, -0.2893665488351178, 0.10763632843015505, 0.3097646596554316, 0.16151261982889, 0.3341706580292761, 0.03762066771824686, 0.073019893228693, -0.014324318446024616, 0.10304274193664892, 0.027805266809693863, -0.09007224931503229, -0.0031612803941918344, -0.28574105653799936, -0.12751375021283495, -0.021144825184167833], [0.0681194336105033, -0.006177054435019808, 0.05527466280527313, -0.024665916615657528, 0.009980260623488477, -0.054222955641996265, -0.07381109293639682, 0.03540971839170968, -0.0004103205489294631, -0.03333848294126225, -0.43781173024501074, 0.3341189894587151, -0.31981925764685615, 0.014524469435221987, -0.7442661337756054, -0.12040147974847616, 0.07108219433930928, -0.037613167969731666, -0.009932625430838041], [0.24825401243534398, 0.06368505754552634, 0.15539103972062868, -0.25954057470269204, -0.236995362276762, -0.6289679363674449, -0.44190218015792243, -0.01651820578611171, -0.23083486468859205, -0.013352956940498355, 0.05977748906861443, -0.07885938309341711, 0.11231275392051156, 0.023583650432478103, -0.02643656358958097, 0.07616351806896686, -0.31680775502615444, -0.10520222730118484, -0.03359543589628498], [0.002512716498696342, 0.0025260067037085245, 0.0008966801494099112, 0.004983158435139624, -0.000244536498682494, 0.0048819641033115094, 0.0036050611033737866, 0.0007792289838689735, 0.004279184216510941, -0.0012529575784277812, -0.002009353350219782, 0.005708432461626581, -0.0056896056427952904, -0.01060853525674713, 0.022076003980687754, 0.002851042460745747, 0.0650517436949213, 0.04827056075732595, -0.996326000947612], [0.06744839672899375, 0.025551902425225738, 0.08413001433266133, 0.026771193391335536, -0.0747512861188906, -0.055511844050280534, -0.028474087003510687, 0.13536290147455962, 0.03626464149895229, -0.1883798150257833, -0.4959534065897154, 0.28537317498148457, -0.4411576683430263, -0.04320824237359579, 0.616850452178765, 0.09576643557092408, -0.09199776587124928, -0.013500183357329524, 0.013482033386382576], [0.08548510707908882, -0.6050225564362085, -0.09390077025564544, 0.15585045364511108, 0.05405968200379738, -0.19443908776194338, 0.05691245518438392, -0.11522022579067037, 0.14275484743036035, 0.05893818055531165, -0.15674177478323975, 0.46126726114570005, 0.5179132440626972, 0.0009753699446973726, 0.07040193932270254, 0.03920043885639654, -0.019247538581863736, -0.0015502916437601898, -0.0006032967133863436], [0.08849405644756218, -0.5653392564533789, -0.016560370210605035, 0.20129684131657788, 0.05121619312593193, -0.29728189431219637, 0.10174573792279161, -0.06583725116375157, 0.14053065719040103, 0.1916976218586092, 0.1250110349277859, -0.4161652603763658, -0.527052686412797, -0.02953559813124816, -0.02163226316720725, -0.03703865589556997, 0.016219655623969077, 0.001162144689263532, 0.00020941523483378535], [0.040736394186351756, -0.38879763510249316, -0.08768309818343183, 0.10140004279473774, -0.3808886645287435, 0.2884146653759893, -0.1468722759033589, 0.3572688020615367, -0.28860003389281685, -0.5765090107146399, 0.13645917114732237, -0.08207642192678209, 0.0078749525820491, -0.029959825880013315, -0.09438927645708656, 0.02151727941189098, 0.019419410118736276, 0.0038865912139101665, -0.0007596328519223802], [0.019364615023892393, -0.17076953544616413, -0.029497129540714935, -0.23554375488383483, -0.46397549738318244, 0.46369868765690114, -0.4137468697752287, -0.222193338244167, 0.23490730657521303, 0.43607421789329964, -0.08811706452505048, -0.01353148292463074, -0.054569286545704684, 0.038233076615700114, 0.04831084530188626, -0.021400096897728496, -0.052101208061862386, -0.0045522161174853075, -0.0030215024298304526], [0.3424988734120884, 0.07287132725679275, -0.37781647206369284, -0.024006898267690167, 0.10222619590480485, 0.05156841804748407, -0.04033725259394937, 0.09963166958467037, 0.04462926489670109, 0.03752480632588451, 0.09370365852704982, 0.05569915603128836, -0.021645656488885497, -0.23396788597828666, 0.07696320067466618, -0.28988346108902585, 0.10414285208821716, -0.7331575270132755, -0.024207536569562003], [0.24348507407312692, 0.08106847098414244, -0.3677240704252661, 0.10396147568780818, -0.05518785706457953, -0.03976440813566379, 0.05508593504770446, 0.23931448530843477, -0.1080509964175073, 0.1731077134587974, -0.024192800569997917, 0.022534159481041087, -0.014962541440351283, 0.7602457081046285, 0.0638739722634268, -0.2493909809655327, -0.041669019465206, 0.18503291540061195, -0.0003538746287536851], [0.26686887074113796, 0.1274551127008413, -0.27149515628350007, 0.1739104219925747, -0.11532490380823317, 0.006932246381531962, 0.04067138577687944, -0.01487612099036327, -0.1779395790066624, 0.2272232634644931, 0.3545541272364201, 0.37017622725991106, -0.2201589254789503, -0.18512616236728097, -0.06596379829480013, 0.5726610962266611, 0.06456703615924711, 0.1667465024090209, 0.017875154000113993], [0.26080341814662295, -0.08516673012553375, 0.11978293894478738, -0.36836011973376764, 0.3575973451357346, 0.0945057456765932, -0.1842395706549773, -0.03344271853041861, 0.4667382105517835, -0.3554525072316522, 0.3113114100293224, 0.13697769895560805, -0.1255188384613994, 0.2969020352576804, -0.011311426590264743, 0.18435285774370186, 0.06337257025315851, 0.029952949307806655, 0.00441961933466877], [0.2665383722513909, 0.03516688801257405, -0.2578067872868719, -0.06514409910363092, 0.14886481553039504, 0.046607163374690494, 