{"meta": "qda", "means_": [[-0.285324313650217, -0.09949645303967203, -0.043499525147628414, 0.14655275586551447, 0.05140095710509563, -0.11479121551417754, 0.0023661499596979367, 0.05778588965484428, 0.11941095591835922, 0.10577706289166881, 0.07795599666412531, 0.09285098119273984, -0.2021206665037038, -0.13892263703298607, -0.0815086391403743, -0.09365106463117116, -0.06858167510017434, -0.12812916489222675, -0.10470877393274908, 0.049022512767573384], [0.659243766488461, 0.8183784134412783, 1.1063335250022548, 1.0476765166835917, 1.6798016942079717, 0.8124183735340513, 0.0375537832007012, 1.3844649279563994, 1.5561256446816087, 1.4566593017698972, 1.2433606854038828, 1.1904958389170117, 0.6957646153413793, 0.6988079178557287, 0.7558873490064866, 0.793120070837329, 0.7412759109558934, 0.7542632230732588, 0.806018507232971, 1.2727382556044131]], "priors_": [0.6182003050330452, 0.38179969496695476], "scalings_": [[0.6316564228467442, 0.24923865655428293, 0.19333220540412954, 0.1789845979217179, 0.16405773565320347, 0.1512107470062883, 0.14161741361980495, 0.13094231609655158, 0.12660451965577582, 0.12305479850199855, 0.12151618093165643, 0.11967013543252225, 0.11775820402403964, 0.1133840970888346, 0.11277931729368701, 0.11157506290165747, 0.10963455968015964, 0.10429393456413334, 0.10327031853446048, 0.10206856059807036], [6.374510936951674, 1.7757585227571544, 0.8744029788837699, 0.5094034565233951, 0.37376358501353657, 0.23770713429888993, 0.19193965913074243, 0.17383698623965266, 0.1484940361355579, 0.13511249336835043, 0.12782522025285276, 0.12274649374844451, 0.11885853221064911, 0.11372895115938718, 0.10726456863243808, 0.1066264502846278, 0.10501406047547161, 0.10363073309639984, 0.1024792526795649, 0.10192614213606471]], "rotations_": [[[0.4064798173928359, -0.19228242976007512, -0.2893772729858488, 0.010516397320755268, -0.2246405902755865, 0.03791145691346877, -0.36091543768001244, 0.40968163975179034, -0.44070076372966843, 0.08015664346286014, -0.08100315263864448, 0.17282603654980558, -0.2204956506422813, -0.19705089248229452, 0.03202723528002748, 0.11686449544311796, -0.12898281507290138, 0.05317556558340784, 0.07261141601609816, 0.0035336092201707133], [0.28522102715544395, 0.08257262225167007, 0.2689671207545511, -0.07524602734747621, 0.1865137446070858, 0.155779385166758, -0.16608590037725493, -0.020706592697473963, -0.14599452106657848, -0.12284694519960303, 0.13942657033733463, -0.039545079460931706, 0.1641974790964592, -0.03556075582923987, 0.07272654245859056, -0.14980691809169186, 0.14911405359935773, -0.6356522292856244, 0.3165880406020936, 0.3269171559050328], [0.20446174622478847, 0.3197932102685853, 0.30053493005595544, 0.12075630255659252, 0.4206617655003379, 0.09002494491958396, 0.27022779300998506, 0.569018204202748, -0.10435152050846748, -0.016283833477652814, -0.19550351008650838, -0.16837371651151462, 0.1158797647215778, -0.06210610123173853, 0.002808337426525913, -0.02170064069371007, -0.014415491927309391, 0.21000866775372679, -0.1194911571989473, -0.12279808608541318], [0.30472495321963106, -0.0727014782926751, 0.3164173861682948, -0.1029260816108579, 0.13424714906936505, 0.30867465016153905, -0.48710117894971416, -0.10672962104849379, 0.39909771703929625, 0.17812966835383337, 0.057539198839496666, 0.30656481290205667, 0.07543596050974723, 0.09903372233819216, 0.020745366432921818, 0.008638712814842887, 0.052228639612287964, 0.23262332172233688, -0.22338065712191188, -0.1346730161971779], [0.13660585577585033, 0.0634387555054765, 0.34585832629414426, -0.1235628601516376, -0.07570736269175173, -0.8881602992734878, -0.177282310604679, 0.06717843941028952, 0.07176500805168415, 0.06913851939563279, -0.0113382340155587, 0.02835352642550997, -0.02368497920582828, 0.0038248211211407727, -0.012697432114207877, 0.0024775558942456456, -0.002563800630703418, -0.014970092924852602, -0.005227675004349824, -0.007906622885171442], [0.17110946487078138, -0.019027141323759263, 0.09414593564712065, -0.0928509262172777, 0.0019015632764928722, -0.010595486342358112, -0.15690612339948323, -0.3742926693302453, -0.47444508959777526, -0.31504721852729994, 0.27547341059616876, -0.4125877561344857, 0.20325352901357807, -0.046927505893605746, 0.03315377533848548, -0.06506757771144811, -0.023910899458525266, 0.3033028721484484, -0.19380735264984073, -0.1964800244640818], [0.00619312633426538, -0.006854741255337563, 0.0018547281254533339, -0.00270264421600778, -0.0027185500054011996, 0.015761830676749477, -0.003862963966004667, -0.0016095026788004508, 0.032743896266301135, -0.0003959042234580681, -0.006269123817638442, 0.012908031204437106, -0.007792725527533119, 0.012010637512476179, 0.00441558844462709, -0.02541191770324695, 0.0032103976247458725, -0.26407788360904083, 0.3797093012061734, -0.8851867047558398], [0.14696617398651138, -0.03555132504392662, 0.45794378291735166, -0.2260734897628689, -0.724241327041892, 0.22538332452806323, 0.3475358748899729, 0.049885343480013125, -0.004610124090493139, -0.012282074765249257, -0.12731143313196225, -0.024954772802854616, -0.00015029523170435877, 0.005350195438067083, -0.002537683545894528, -0.018497336092572172, 0.009839901419457966, 0.00912695999914867, -0.01272283449594306, 0.00040369766154058767], [0.06382356098126417, 0.5301590370853152, -0.08862186028153715, 0.27781830460755924, -0.2052183383228989, -0.005907778541260115, -0.11169304822058113, -0.13339764244495905, 0.05555508220049323, -0.11744384929716384, -0.11619957040060935, 0.06171058647219662, -0.02888437360926341, 0.08821050834985984, 0.70949081427671, 0.09473880143574082, -0.04353504280094056, 0.017960254143178526, 0.004997585594862316, -0.0007090547362525648], [0.06814172790837017, 0.4835053022388366, -0.0541684100317598, 0.30532556286226664, -0.18968739407529955, 0.02254475611144303, -0.19124098381105223, -0.1669210378275449, -0.03304282509242608, -0.17306306631361099, -0.23949975330528928, 0.13850583400783698, 0.03683820618106931, -0.04143990415050307, -0.662198262916515, -0.11269063428099345, 0.05000262179912057, -0.00944854674026549, -0.006307686868486552, -0.0002803463859483782], [0.032677925258121715, 0.3499973726567593, -0.13490305570863487, -0.005321047691041324, -0.2064130045423152, 0.051640214482488504, -0.05404591346864184, 0.2567259514297283, 0.2148077258586122, 0.28634258332161505, 0.7076846863919513, -0.2960443409284011, -0.09602421559013379, -0.02105809111242283, -0.1262324946120411, -0.025822249030273164, -0.034117698504781926, -0.008956632203957425, 0.0005457011703733942, 0.0005168803655532846], [0.013854153369244195, 0.3803745960302391, -0.3088127800718163, -0.8422093569648141, 0.087426500094662, 0.01577081176384507, 0.00808731331992291, 0.001508189574545609, 0.009379424068910742, -0.07560708989873567, -0.15935318773003385, 0.09027465021904876, 0.041324557593559116, -0.0034530838504473675, -0.012455060517089667, 0.00437739089754223, 0.018336294848429496, 0.026622522194713824, -0.009178181931325847, -0.010535532092527515], [0.363222132515214, -0.06334012657287658, -0.24252824581807156, 0.06542686223769863, 0.0025343331114677375, -0.09282498525057023, 0.26866714499109345, -0.05098307333983461, 0.032528645820939846, -0.01712737007460325, 0.04005253207428667, 0.08194183006056642, -0.08414237749296269, 0.06557367315747147, 0.017344442856278137, -0.1275575580446931, 0.186315839619339, -0.41170954976316554, -0.671504503574648, -0.15746268879025166], [0.2536589735968588, -0.08914545816260688, -0.24012305767446218, 0.07692899414289797, -0.10062062146194832, -0.08853411910876763, 0.11127106731745799, 0.031181874950053368, 0.13961861125956046, 0.03149886482939858, -0.002166208160180684, -0.049701721101158475, 0.6121582497562651, 0.030879222305916602, -0.051484031676319965, 0.5059006304258045, 0.37374599166838296, 0.09035613888378802, 0.1639172393049132, 0.02932148331538964], [0.2717266534219888, -0.12970135440981798, -0.18242225453490715, 0.009283313599291566, -0.032584348830292376, -0.0228799865198163, -0.0408697733840161, 