{"meta": "lr", "classes_": [0, 1], "coef_": [[0.23669387277764992, 0.5838557496229302, 0.10514294358887914, -0.5959016962508854, 0.03149359392882834, 0.2926502612986098, 0.17124311962039743, 0.04237009372006732, 0.3393814926329604, 0.18729174795542974, 1.693144030648986, -0.010123376653366396, -0.27411685265860847, 0.18839344240138023, -0.04344233096885655, 0.13475251356510198, -0.07717355213698732, 0.12496520155327945, 0.21900926787570957]], "intercept_": [-4.148432665168702], "n_iter_": [115], "params": {"C": 1, "class_weight": null, "dual": false, "fit_intercept": true, "intercept_scaling": 1, "l1_ratio": null, "max_iter": 500, "multi_class": "auto", "n_jobs": 4, "penalty": "l2", "random_state": 1618, "solver": "lbfgs", "tol": 0.0001, "verbose": 0, "warm_start": false}}