{"meta": "lr", "classes_": [0, 1], "coef_": [[0.8657991788582814, 0.007131635310673359, -0.24176361028964038, -0.8580418610055264, 0.28567747887465184, 0.060834803296425585, -0.07744904917336036, 0.16150606609074464, 1.5819531254221102, 0.9547275925277129, 1.8269603861446768, 1.1135281950259726, 0.37887181357915467, 1.2119324212772717, 0.5536603517792903, -0.26332550877660843, 0.5098073972694542, -0.13049975453289162, 0.49247811596595026, 0.28759726025880805]], "intercept_": [-3.440086890021605], "n_iter_": [10], "params": {"C": 0.1, "class_weight": null, "dual": false, "fit_intercept": true, "intercept_scaling": 1, "l1_ratio": null, "max_iter": 500, "multi_class": "auto", "n_jobs": 4, "penalty": "l2", "random_state": 1618, "solver": "liblinear", "tol": 0.0001, "verbose": 0, "warm_start": false}}