{"meta": "lda", "coef_": [[6.984107062112874, -0.8173146505245583, -5.879989473721677, -4.18128049331885, -2.2629857443377075, -1.7365885030905224, 1.1110768299079536, 6.84229410349728, 4.1147073962379555, 3.1416302380153622, 7.624173097465341, -3.093718331165066, 5.496330242205096, 3.7770155334783744, 0.4649682541624432, 4.334422045016638, -1.6256606480762383, -1.531077804888544, 4.628768518907066]], "intercept_": [-8.71245327507995], "explained_variance_ratio_": [1.0], "means_": [[0.18401391759772753, 0.1278098403013737, 0.07526509402172334, 0.009009630380275826, 0.08553202223905931, 0.0004988227385343859, 0.013253735961890847, 0.04095579395392984, 0.03735687777427158, 0.033444347717284245, 0.025087783081234494, 0.258916195387662, 0.1423098761659897, 0.14274482018477408, 0.07695284122879098, 0.13395015548531125, 0.16644124092578944, 0.0652299701718728, 0.016632919319813557], [0.5835567435105964, 0.5170167753528494, 0.38851037480256884, 0.19714367280390022, 0.5014063596555729, 0.004769769830311314, 0.17011892810117227, 0.40331323603357544, 0.37706721061659576, 0.4081601323814323, 0.27372822344314796, 0.7039987386997082, 0.607705092127864, 0.6008141639018967, 0.5336874836212065, 0.6188533757536836, 0.6227776054773326, 0.4198304503271043, 0.3192761319321316]], "priors_": [0.7186218211648893, 0.28137817883511074], "scalings_": [[-2.0720594820873925], [0.2424826189528686], [1.7444875680232164], [1.2405110369008763], [0.6713873409559369], [0.5152147070930044], [-0.3296365963842908], [-2.0299861170932694], [-1.220759991300974], [-0.9320654259734196], [-2.261955611387698], [0.9178508212986725], [-1.6306627452528457], [-1.1205728635791572], [-0.13794775356943698], [-1.2859453925708166], [0.4823043991945417], [0.4542433635708184], [-1.3732727197179377]], "xbar_": [0.29643655031972427, 0.23732417887615315, 0.16340548065653054, 0.06194644461432272, 0.20254998592557624, 0.0017005740531196903, 0.057392178048661584, 0.14291527109364965, 0.13294395256091407, 0.13888119278685174, 0.09504977737502968, 0.3841527108561048, 0.27326193447191494, 0.2716355379000924, 0.20546800311607444, 0.2703913405157064, 0.29484433611953786, 0.1650068074920077, 0.10179011532147483], "classes_": [0, 1], "params": {"n_components": null, "priors": null, "shrinkage": null, "solver": "svd", "store_covariance": false, "tol": 0.0001}}