{"meta": "lda", "coef_": [[12.34091405345456, 10.573215571840535, 0.14875015262342242, -12.165198759854192, -5.595753607288996, -5.535496532409086, -1.1198066349195335, -3.343127152726134, 10.410316321705348, 3.0406934542954716, 3.0797209005286286, 13.07555224623429, -13.849874434862109, 7.719666012352586, 1.5514509748486511, 5.16955368850485, 9.90505656516084, -0.29085257356655675, 0.27035008614081124, 3.5351133603222813]], "intercept_": [-10.49426650702868], "explained_variance_ratio_": [1.0], "means_": [[0.2729075184985754, 0.13281864654541786, 0.08832876858995456, 0.05156055205633815, 0.007455013151853765, 0.05748432562137993, 0.000818631704808866, 0.008836899565229064, 0.024807057361528047, 0.022653075159935025, 0.017433224580713988, 0.013490599545380922, 0.18532106190312594, 0.09244855270465586, 0.0918064474486462, 0.053721308337456516, 0.08960690156640125, 0.11957480911005344, 0.05223841824737292, 0.011840084486917823], [0.638068223170779, 0.5038796607371009, 0.4387479900035526, 0.36859613630356264, 0.24363250079608156, 0.4350519578576953, 0.01299271732022314, 0.2117191167776228, 0.3232776911672421, 0.31195621946136, 0.2780515546079986, 0.1729707367328014, 0.5671223251870703, 0.466558278869423, 0.45688161652503184, 0.4276098206739609, 0.4832901555017435, 0.5053671630681739, 0.40437500085897116, 0.3073960844793089]], "priors_": [0.6182003050330452, 0.38179969496695476], "scalings_": [[-3.501349053906244], [-2.999819800936671], [-0.0422032115206763], [3.4514953255406144], [1.5876203751122673], [1.570524311465112], [0.31771016998825097], [0.9485079502688253], [-2.9536022247610063], [-0.8627018309422634], [-0.8737746502936461], [-3.709779704189613], [3.92946944927877], [-2.1902142071280926], [-0.4401757746175723], [-1.4666994549967869], [-2.8102505440920367], [0.08252033673294956], [-0.0767033960557909], [-1.0029780424693011]], "xbar_": [0.41232576415634103, 0.2744896285779313, 0.22211872043622408, 0.17260464141559873, 0.09762750589248166, 0.2016395324386005, 0.005466693879275628, 0.08629726821114046, 0.13876305430514332, 0.13310892740719998, 0.11693722348792839, 0.07438006727682615, 0.3310926677629339, 0.23528353203853491, 0.23119203564201968, 0.19647182829918242, 0.2399150478325131, 0.26687021217184725, 0.18668405807518698, 0.12468327512966601], "classes_": [0, 1], "params": {"n_components": null, "priors": null, "shrinkage": null, "solver": "svd", "store_covariance": false, "tol": 0.0001}}