{"meta": "lda", "coef_": [[-10.73231709404751, 7.901982581699929, -0.666446259287629, 4.277895401281564, 9.760368944989708, -0.2904473692860002, 7.473128806915465, 11.466918796172582, 0.5040414971175363, 10.474979798277964, -18.537641024763104, 5.521796542206025, 7.600356939952388, 1.3993618871089097, 3.5993645922175954, 3.5194243076090865, 1.4106656015360493, 15.937107990926838]], "intercept_": [-13.693341239646683], "explained_variance_ratio_": [1.0], "means_": [[0.2838790985140791, 0.1809972249214912, 0.153345464768806, 0.026577163068422404, 0.14774858394581072, 0.0016067820549358002, 0.0307289439741311, 0.0683818230709355, 0.06568068107390179, 0.030556006409378392, 0.37584030339684865, 0.2339267927893507, 0.24056244451087092, 0.14344476610084858, 0.23646022340836084, 0.2758607555729097, 0.13548817641643773, 0.03953823422735995], [0.6803022594695827, 0.5849765203687948, 0.47685867337271903, 0.2793905025307276, 0.5886110672523567, 0.022408314306211125, 0.24646984870580854, 0.4708813061336873, 0.44499235372594703, 0.32789897662357986, 0.7634556003756114, 0.6767106952766396, 0.6717478483489736, 0.5812593642150369, 0.707894460177342, 0.6908108731695001, 0.533546173770801, 0.4295194305537127]], "priors_": [0.894185516927281, 0.105814483072719], "scalings_": [[2.2517217973449353], [-1.6578960783149377], [0.13982549673539357], [-0.8975350092078368], [-2.0477996793210127], [0.060938068328740824], [-1.5679192928646253], [-2.4058468246383558], [-0.10575174176091173], [-2.1977304744016846], [3.8893381551283115], [-1.1585149344390175], [-1.5946127233591112], [-0.29359677280915475], [-0.7551740819681045], [-0.7384020019259696], [-0.29596837811521387], [-3.343726535038143]], "xbar_": [0.325826410368639, 0.22374408524132883, 0.18757784770442576, 0.05332847589751406, 0.1943982197230481, 0.003807885437224991, 0.053557456285954264, 0.1109720978082572, 0.10581734963902636, 0.062019199097901004, 0.4168556156777349, 0.2807797425439644, 0.28618810512650134, 0.1897718914819916, 0.2863447934748524, 0.31976848776735683, 0.17760847763945142, 0.08080389292471352], "classes_": [0, 1], "params": {"n_components": null, "priors": null, "shrinkage": null, "solver": "svd", "store_covariance": false, "tol": 0.0001}}