{"meta": "lda", "coef_": [[-11.212731924941888, 7.975077727372064, -1.0435167340425435, 4.389620394628636, 9.613382802753367, -1.1533968913622217, 7.983618735027424, 10.276814326571916, 2.109316437569404, 12.911857727187027, -17.862326860343423, 5.125668875839481, 7.425079862149575, 1.955498833480035, 3.797684385727728, 3.9635369300954104, 0.7586146563785784, 15.312395115733477]], "intercept_": [-13.775358199041367], "explained_variance_ratio_": [1.0], "means_": [[0.2838790985140791, 0.1809972249214912, 0.153345464768806, 0.026577163068422404, 0.14774858394581072, 0.0016067820549358002, 0.0307289439741311, 0.0683818230709355, 0.06568068107390179, 0.011378531410637336, 0.37584030339684865, 0.2339267927893507, 0.24056244451087092, 0.14344476610084858, 0.23646022340836084, 0.2758607555729097, 0.13548817641643773, 0.03953823422735995], [0.6803022594695827, 0.5849765203687948, 0.47685867337271903, 0.2793905025307276, 0.5886110672523567, 0.022408314306211125, 0.24646984870580854, 0.4708813061336873, 0.44499235372594703, 0.28291388992712574, 0.7634556003756114, 0.6767106952766396, 0.6717478483489736, 0.5812593642150369, 0.707894460177342, 0.6908108731695001, 0.533546173770801, 0.4295194305537127]], "priors_": [0.894185516927281, 0.105814483072719], "scalings_": [[2.335976595709618], [-1.6614679673796573], [0.21739846134485674], [-0.9145006386082182], [-2.0027801773157603], [0.24029007041478367], [-1.663247336949915], [-2.140994532467583], [-0.43943918967216833], [-2.689959740386605], [3.721303404914298], [-1.0678434668257988], [-1.5468855311410736], [-0.4073939819952037], [-0.7911811235956047], [-0.8257336005990006], [-0.1580440961511561], [-3.1900697219956995]], "xbar_": [0.325826410368639, 0.22374408524132883, 0.18757784770442576, 0.05332847589751406, 0.1943982197230481, 0.003807885437224991, 0.053557456285954264, 0.1109720978082572, 0.10581734963902636, 0.04011090500802498, 0.4168556156777349, 0.2807797425439644, 0.28618810512650134, 0.1897718914819916, 0.2863447934748524, 0.31976848776735683, 0.17760847763945142, 0.08080389292471352], "classes_": [0, 1], "params": {"n_components": null, "priors": null, "shrinkage": null, "solver": "svd", "store_covariance": false, "tol": 0.0001}}