{"meta": "lda", "coef_": [[8.106203170694751, -0.4278586521808626, 9.04202021467188, -5.100504465847548, -2.660081800994528, 11.33693036653664, -7.1846425586002365, -5.412446254711828, 15.177757140260299, -6.291421794177392, 9.646461980821902, -18.648456410872498, 6.607682774714314, 6.067235102481534, 3.4708801420360906, 6.161088073028853, -1.6803100698465958, 2.9864443128950606, 12.878383904642686]], "intercept_": [-14.824032544991528], "explained_variance_ratio_": [1.0], "means_": [[0.37184701287725197, 0.1954409253162376, 0.12259661392374548, 0.10534622328548322, 0.021160071992895216, 0.09610959207772897, 0.0006121653621363603, 0.018208845685638145, 0.03871057765390888, 0.03636127139322961, 0.022629171644458723, 0.2631103059080626, 0.14540300266495346, 0.14842235989767555, 0.10281958550691621, 0.1519405659175517, 0.19514470311524432, 0.09810283686024482, 0.025625473828249982], [0.7099613145829011, 0.6059200822882395, 0.5348303624675877, 0.5107910811302703, 0.3965018130491669, 0.546291043731095, 0.04366294220131008, 0.3319628517616031, 0.43644091495247, 0.4152767179915757, 0.218167792147494, 0.6511461397933868, 0.5616055360605033, 0.5588489083176286, 0.5298889940280278, 0.5775965081467518, 0.6001037445306145, 0.5266738198819164, 0.4484488213082904]], "priors_": [0.7798030867482704, 0.22019691325172963], "scalings_": [[-1.811924830316287], [0.09563635396591241], [-2.0211016919011686], [1.1400813049219698], [0.5945901138179048], [-2.534067454040128], [1.6059346126355702], [1.2098075455496184], [-3.3925815146563805], [1.4062790096446653], [-2.1562084763606055], [4.1683634750342495], [-1.4769706900070156], [-1.3561680730253238], [-0.775822389345308], [-1.3771463934735957], [0.37558835796174606], [-0.6675397212413625], [-2.8786181495581453]], "xbar_": [0.44629873843909995, 0.2858271686356446, 0.21336921289128924, 0.19462392947669166, 0.10380916478801624, 0.19523815813498294, 0.010091813535211469, 0.08729650934393006, 0.1262895702336213, 0.119797283117586, 0.06568617230072846, 0.3485545987606719, 0.23704951580620345, 0.23879701897631075, 0.1968589510075069, 0.24566869050367812, 0.2843154340282882, 0.1924728444308763, 0.11872986979411837], "classes_": [0, 1], "params": {"n_components": null, "priors": null, "shrinkage": null, "solver": "svd", "store_covariance": false, "tol": 0.0001}}