{"meta": "lda", "coef_": [[5.808024929003288, -0.5707787115435303, -5.349266478445485, -2.919166757899798, -2.433837018224201, 1.7803564219513672, 0.6900109184814492, 7.657344759842001, 5.2638419582491816, 12.523942393621523, 1.987301806279864, -3.8266100306775455, 5.60363507346691, 3.7524362418194173, 1.5390541284963413, 3.9133809489849423, -1.4727076042028577, 0.8543322205887998, 4.15465373787213]], "intercept_": [-8.729894222521141], "explained_variance_ratio_": [1.0], "means_": [[0.18401391759772753, 0.1278098403013737, 0.07526509402172334, 0.009009630380275826, 0.08553202223905931, 0.0004988227385343859, 0.013253735961890847, 0.04095579395392984, 0.03735687777427158, 0.00658675391397273, 0.027757505710820286, 0.258916195387662, 0.1423098761659897, 0.14274482018477408, 0.07695284122879098, 0.13395015548531125, 0.16644124092578944, 0.0652299701718728, 0.016632919319813557], [0.5835567435105964, 0.5170167753528494, 0.38851037480256884, 0.19714367280390022, 0.5014063596555729, 0.004769769830311314, 0.17011892810117227, 0.40331323603357544, 0.37706721061659576, 0.15012396899549724, 0.21475983187408976, 0.7039987386997082, 0.607705092127864, 0.6008141639018967, 0.5336874836212065, 0.6188533757536836, 0.6227776054773326, 0.4198304503271043, 0.3192761319321316]], "priors_": [0.7186218211648893, 0.28137817883511074], "scalings_": [[-1.6892177434302877], [0.16600643745464605], [1.5557915057498972], [0.84901637712537], [0.7078620918569851], [-0.5178024706079232], [-0.20068417420851503], [-2.227077671670359], [-1.5309464651373772], [-3.6424887922502043], [-0.5779908856718866], [1.1129390180007557], [-1.6297725835403742], [-1.0913661628962745], [-0.4476216224508884], [-1.138175647769104], [0.42832526483854017], [-0.24847571479870664], [-1.208347914757822]], "xbar_": [0.29643655031972427, 0.23732417887615315, 0.16340548065653054, 0.06194644461432272, 0.20254998592557624, 0.0017005740531196903, 0.057392178048661584, 0.14291527109364965, 0.13294395256091407, 0.046974994088675684, 0.08037587968457044, 0.3841527108561048, 0.27326193447191494, 0.2716355379000924, 0.20546800311607444, 0.2703913405157064, 0.29484433611953786, 0.1650068074920077, 0.10179011532147483], "classes_": [0, 1], "params": {"n_components": null, "priors": null, "shrinkage": null, "solver": "svd", "store_covariance": false, "tol": 0.0001}}