{"meta": "lr", "classes_": [0, 1], "coef_": [[6.884219012418769, -2.728482932582824, 0.7358804215784729, -3.5199055896017044, 2.6077515033108063, 0.4406473002829311, -1.1708533516926427, 3.072779474581682, 10.4897884592944, 5.309184827917146, 6.710098209202439, 10.016642372133306, -4.016360609544077, 3.2048519621497253, 2.7384020575217525, -0.8241047188899006, 3.9511035989846626, -1.3583665998768346, 0.8078696731257589, 2.7953721290662408]], "intercept_": [-6.1162759685592], "n_iter_": [64], "params": {"C": 10, "class_weight": null, "dual": false, "fit_intercept": true, "intercept_scaling": 1, "l1_ratio": null, "max_iter": 500, "multi_class": "auto", "n_jobs": 4, "penalty": "l2", "random_state": 1618, "solver": "lbfgs", "tol": 0.0001, "verbose": 0, "warm_start": false}}