{"meta": "lr", "classes_": [0, 1], "coef_": [[0.37641883777465324, 1.1965097175822845, -1.9170568334420692, 0.85344169089015, -0.24905689501131817, -0.2794974281578363, 1.5955982608203414, 6.832658163110702, 3.9537450181586826, 6.911905095454303, 1.6331801654987796, 0.0017239909268254305, 3.2257126874397493, 2.1678700351892495, -0.41626780903790417, 1.3371104231390183, -1.5442495949090898, 0.39373772797797224, 2.0302298390895994]], "intercept_": [-4.049919169625215], "n_iter_": [7], "params": {"C": 1, "class_weight": "balanced", "dual": false, "fit_intercept": true, "intercept_scaling": 1, "l1_ratio": null, "max_iter": 500, "multi_class": "auto", "n_jobs": 4, "penalty": "l2", "random_state": 1618, "solver": "liblinear", "tol": 0.0001, "verbose": 0, "warm_start": false}}