{"meta": "lr", "classes_": [0, 1], "coef_": [[0.26477348999914907, 4.364554825184412, -4.299776021312319, 1.5907626759639983, 2.7366504997654673, -4.3181148856329035, 3.9038160943819813, 5.670369332786773, 0.8122771419749412, 4.7039008500685355, -9.46454538967988, 4.923570369510901, 5.700980605243135, -0.9691072646995541, 1.8867585212664602, -1.6418112930082516, -0.07359365194537912, 4.552802656621739]], "intercept_": [-3.32439198320991], "n_iter_": [9], "params": {"C": 10, "class_weight": "balanced", "dual": false, "fit_intercept": true, "intercept_scaling": 1, "l1_ratio": null, "max_iter": 500, "multi_class": "auto", "n_jobs": 4, "penalty": "l2", "random_state": 1618, "solver": "liblinear", "tol": 0.0001, "verbose": 0, "warm_start": false}}