{"meta": "lr", "classes_": [0, 1], "coef_": [[0.11399319632999423, 5.339338048284989, -3.48848523300428, 1.464645684410527, 3.3107963768287387, -3.7060197617677333, 2.74902122742848, 4.55579023363661, -0.06457362314471739, 4.493044843152654, -7.770314824768099, 5.055353415195053, 4.26168086366492, -1.4816982149518036, 2.9375560831180745, -3.54716847466863, 0.17298864229246685, 4.283868159664279]], "intercept_": [-5.611949008018884], "n_iter_": [80], "params": {"C": 10, "class_weight": null, "dual": false, "fit_intercept": true, "intercept_scaling": 1, "l1_ratio": null, "max_iter": 500, "multi_class": "auto", "n_jobs": 4, "penalty": "l2", "random_state": 1618, "solver": "lbfgs", "tol": 0.0001, "verbose": 0, "warm_start": false}}