{"meta": "lr", "classes_": [0, 1], "coef_": [[0.23740235283357453, 0.5931588615671428, -1.7014939315196485, 1.067792796320191, 0.5310217613772149, -0.16069248573313205, 1.650388604756264, 5.186867388306289, 3.011645692388689, 3.7301185302478554, 4.646348737687732, -0.2066847788833937, 2.938961602997013, 2.1575616303536806, -0.7091513667298971, 1.5277769417146287, -1.5139382660087488, -0.013730839734800977, 2.0276568508034414]], "intercept_": [-4.798088072733016], "n_iter_": [7], "params": {"C": 1, "class_weight": null, "dual": false, "fit_intercept": true, "intercept_scaling": 1, "l1_ratio": null, "max_iter": 500, "multi_class": "auto", "n_jobs": 4, "penalty": "l2", "random_state": 1618, "solver": "liblinear", "tol": 0.0001, "verbose": 0, "warm_start": false}}