{"meta": "lr", "classes_": [0, 1], "coef_": [[4.35373199053876, 0.7252085072441616, 2.434276162875293, -1.9287702936443336, 1.2179377002007408, 2.901069532339502, -0.03501617576574848, 1.5430985365699195, 4.313566180430444, 2.8456782235137665, 4.665669516622203, -1.6301462393346686, 2.0118531348664392, 1.653760833280634, 0.08570233564925876, 1.6515112856227965, -1.6988156497261446, 0.3539136904331945, 3.705575486925554]], "intercept_": [-7.200895868383976], "n_iter_": [32], "params": {"C": 1, "class_weight": null, "dual": false, "fit_intercept": true, "intercept_scaling": 1, "l1_ratio": null, "max_iter": 500, "multi_class": "auto", "n_jobs": 4, "penalty": "l2", "random_state": 1618, "solver": "lbfgs", "tol": 0.0001, "verbose": 0, "warm_start": false}}