{"meta": "lr", "classes_": [0, 1], "coef_": [[0.11438793732112952, 5.33920118792852, -3.4886521659794316, 1.4644731338236754, 3.3107759892816975, -3.7062992206955307, 2.749177719616257, 4.555718993467946, -0.06444086313132391, 4.493240514235641, -7.770746463090208, 5.0553096499965084, 4.261960098617654, -1.4815990595696371, 2.9380463629608635, -3.5474031376587063, 0.17270637431874794, 4.28397217486312]], "intercept_": [-5.612009605193783], "n_iter_": [80], "params": {"C": 10, "class_weight": null, "dual": false, "fit_intercept": true, "intercept_scaling": 1, "l1_ratio": null, "max_iter": 500, "multi_class": "auto", "n_jobs": 4, "penalty": "l2", "random_state": 1618, "solver": "lbfgs", "tol": 0.0001, "verbose": 0, "warm_start": false}}