{"meta": "lr", "classes_": [0, 1], "coef_": [[0.23740232454246107, 0.5931588399508019, -1.7014939467937515, 1.06779279298403, 0.5310217444760913, -0.16069248617470627, 1.6503886007453827, 5.186867374359431, 3.0116456794509716, 3.73011851696613, 4.6463487285519065, -0.20668481946901907, 2.938961573047951, 2.15756160218103, -0.709151385049329, 1.5277769134081343, -1.5139382963452979, -0.013730854764735803, 2.027656843693505]], "intercept_": [-4.7980881628108785], "n_iter_": [7], "params": {"C": 1, "class_weight": null, "dual": false, "fit_intercept": true, "intercept_scaling": 1, "l1_ratio": null, "max_iter": 500, "multi_class": "auto", "n_jobs": 4, "penalty": "l2", "random_state": 1618, "solver": "liblinear", "tol": 0.0001, "verbose": 0, "warm_start": false}}