{"meta": "qda", "means_": [[0.18401391759772753, 0.1278098403013737, 0.07526509402172334, 0.009009630380275826, 0.08553202223905931, 0.0004988227385343859, 0.013253735961890847, 0.04095579395392984, 0.03735687777427158, 0.033444347717284245, 0.025087783081234494, 0.258916195387662, 0.1423098761659897, 0.14274482018477408, 0.07695284122879098, 0.13395015548531125, 0.16644124092578944, 0.0652299701718728, 0.016632919319813557], [0.5835567435105964, 0.5170167753528494, 0.38851037480256884, 0.19714367280390022, 0.5014063596555729, 0.004769769830311314, 0.17011892810117227, 0.40331323603357544, 0.37706721061659576, 0.4081601323814323, 0.27372822344314796, 0.7039987386997082, 0.607705092127864, 0.6008141639018967, 0.5336874836212065, 0.6188533757536836, 0.6227776054773326, 0.4198304503271043, 0.3192761319321316]], "priors_": [0.7186218211648893, 0.28137817883511074], "scalings_": [[0.1680007636843258, 0.02909837764469773, 0.0206411631065536, 0.012215193495636137, 0.010086862177301589, 0.008327790756596613, 0.007254392620651214, 0.006325551201244156, 0.005648657772171586, 0.00497445163244464, 0.0045198006389962015, 0.0038730951445345475, 0.003387878644176118, 0.00309799531198989, 0.001837194405662315, 0.0017279005395631146, 0.0015079663578314692, 0.00107116886218526, 0.00024156575671863291], [0.8125118277286241, 0.09947090215149283, 0.043812458912466636, 0.0368568668359087, 0.026044025901602427, 0.017530605175656935, 0.01560981183481859, 0.012338343716445151, 0.011795879507013335, 0.010646559571161231, 0.00687686283403386, 0.004804430827023528, 0.0041208544711096385, 0.0032986746490218846, 0.0027520316304045, 0.002339290338101688, 0.0010740515491288413, 0.0010458088408336471, 0.000914264071701846]], "rotations_": [[[0.2899696613635633, 0.40561785834261027, -0.21235556802131536, 0.07887550867648864, -0.054322017896719074, 0.07514605525701241, 0.10293859604101883, 0.1746022989032282, 0.08632346890171866, -0.10506660232838708, 0.1679720500713369, 0.12657210260248253, -0.03249719351791745, -0.0032822358831250333, -0.18363102509711815, 0.18817667749879188, -0.1887056332841383, -0.6910833415699918, 0.06531378695639], [0.1661873154935154, 0.4407337566146841, 0.16692687620863214, -0.06800233678954923, 0.48859110660426996, -0.06790129221745407, 0.3824379753388097, 0.4103840097096852, 0.15889137360298594, -0.13785916106814897, -0.05872571279292533, -0.0931583275148054, 0.002659714052170206, 0.04824352204357332, 0.03536268604867426, -0.07239878991236498, 0.0912706686063111, 0.33630613713940344, -0.03167598305408818], [0.27647070305556964, 0.3017304505952709, -0.46608583530313824, 0.31382578111866755, 0.20829824853194245, 0.3064088034778317, -0.33896574974964605, -0.23770885587758814, -0.15494473440229192, 0.09724452280288312, 0.0433664679305321, 0.19744230811253247, 0.05619507575370865, -0.017964272337929462, 0.07419801656689987, -0.02733608771754264, 0.03416112789557067, 0.34960158703538036, -0.02592911714963286], [0.04128640993645273, 0.049780975343585734, -0.020808028872589403, -0.005326619750791134, -0.05169912266497373, 0.010829455938123867, 0.021754754936545682, 0.011230317865850895, 0.005062178876306662, 0.005432204274951299, 0.05714434952484637, -0.1685677970696131, -0.24283582772988055, 0.014247061290630992, 0.7805979942612229, -0.1383002558679694, -0.5198096165496529, -0.04670271836968537, -0.014668740574645314], [0.19173729821844693, 0.14897842220623006, -0.22553748264430606, 0.019235018222799525, -0.7839063777121915, -0.07140730705947458, 0.27091256123835966, 0.12269186239783345, 0.17810274905445855, -0.07303432530312973, -0.035926925298947684, 0.00525134894243506, 0.13645972133452713, -0.01958688337167136, 0.03589707392471246, -0.045115242110605455, 0.09699869136229489, 0.33191448328136763, -0.03836919777979458], [0.00234371257859783, -0.00028697921105760773, -0.004211961039912901, 0.0020875695124395305, 0.007520847457497325, -0.0009630193039024125, -0.006642077162890818, -0.0045456071470763824, 0.0010635570745824682, 0.0043083327658200695, 0.006582552621039231, -0.007965935391498825, -0.011202053527964436, 0.0004834264313152935, -0.02406187307265544, 0.013006750657840543, 0.003966016558806028, -0.08559775363058805, -0.9957444466722835], [0.05296935807369456, 0.059074802232549684, -0.091732585642852, 0.04119620778573963, -0.0800715616634652, 0.10101681823307922, -0.0622210923032422, -0.04656518825913192, -0.03660269495236114, 0.025499838864677132, 0.2548780848419458, -0.6641493221886401, -0.5806449418875856, 0.1578497068333655, -0.23939689862993607, 0.03819083482812831, 0.1615815247944778, 0.07571839572333541, 0.014603732949084916], [0.034832604791969674, 0.19966862620440282, 0.4378475371912771, 0.22385126770780517, -0.09397578797242044, 0.03396051707526339, 0.11030287598579304, -0.31394850188305407, 0.03902051228515938, 0.05276608408717441, -0.08806789009547106, 0.13836881943743662, -0.19322644508462014, -0.04674005452208675, 0.21342376156415221, 0.6657892913318794, 0.18373510020105008, 0.05540094596528379, -0.001162836021837425], [0.035911163488993945, 0.2158640690474234, 0.38845249420303696, 0.2441785304233823, -0.10328767111429218, 0.07267844500375449, 0.1590602744041153, -0.35265220451572726, 0.05780170054979745, 0.08709470580672284, -0.085020445027582, 0.18280945123883147, -0.2270375825479755, -0.05299071412716839, -0.24969867411159286, -0.6185313973257902, -0.1529232623191974, -0.04166199590329352, 0.00045877819218707655], [0.01976007837866916, 0.14731690107217746, 0.39632509205107963, 0.3337762859746569, -0.09210393475971854, 0.034508500577329695, -0.29019545720035217, 0.07748042892890558, -0.027359314568785358, -0.07149352287402742, 0.3234238489917156, -0.401206256123918, 0.5736868151559013, -0.05438391818785441, 0.032451611830903226, -0.047929479599214016, -0.04527579367589653, -0.025134331846244362, -0.0010207755778045573], [0.00884660721906289, 0.09012553997575284, 0.19292906361480716, 0.12414886030612933, -0.16204213966816358, -0.21232995988430536, -0.5952178395799995, 0.5366269952098616, -0.037214371001095474, -0.03703126447320942, -0.16576197234765416, 0.25227335002508394, -0.352256656952008, -0.033852888936827745, -0.01903016316470513, -0.03950423960974411, 0.03866859154977631, 0.05504307035954072, -0.00406022162474867], [0.41451534672644375, -0.23496392572099797, 0.1597887909324428, -0.1414231314821567, 0.022520865949127916, -0.15126248944703435, -0.03588258366322131, -0.07081140214548437, -0.031593164526873274, -0.10668742877299721, 0.2230686382710212, 0.11799209011552259, -0.01812975440830089, 0.12660867531957906, -0.32444778770405863, 0.23164787070678697, -0.5836830467204833, 0.3246305785676561, -0.018114389806204556], [0.3374005863024393, -0.3787647201794423, 0.1308464283230908, 0.23311420913771985, -0.03575021834251839, 0.3832946860606582, 0.28065238457873226, 0.2794802712919734, -0.5476255232650955, -0.13736510787192613, -0.0748819242645737, 0.028285645900052506, -0.054736882043983505, -0.08184646174866438, 0.06965903268708928, -0.056861063959842285, 0.13709878210196882, -0.06648431637089669, -0.00043933740130825197], [0.35381216242784785, -0.2978942455924316, -0.09354575822828684, 0.40781233362207525, 0.1378733848340986, -0.42444743309842214, 0.09866087253697388, 0.06384724924594329, 0.26499370804678224, 0.5431237795483371, -0.01944901139873039, -0.0785329047136744, 0.014128479659542073, -0.013671799738116386, 0.056681918930601496, -0.03152657068735634, 0.10870548232170058, -0.09856604932588942, 0.012763233184827024], [0.22514528322860772, 0.308737796658869, 0.08901229845040544, -0.45521193952513817, -0.08421723846493227, -0.20455172765727683, -0.04703798116527412, -0.06549028975361902, -0.5185938091005196, 0.4641007430794431, -0.16825754097248027, -0.15498502730660663, 0.10128347948219954, -0.18246498324168137, -0.015546011987597197, -0.008200220827139667, 0.011933526364849116, -0.05225952106427639, 0.004446745933623184], [0.3346969050297961, -0.12767323952184645, 0.1857276793032941, -0.3592630487348579, -0.02264877349734852, 