{"meta": "qda", "means_": [[0.2729075184985754, 0.13281864654541786, 0.08832876858995456, 0.05156055205633815, 0.007455013151853765, 0.05748432562137993, 0.000818631704808866, 0.008836899565229064, 0.024807057361528047, 0.022653075159935025, 0.017433224580713988, 0.013490599545380922, 0.18532106190312594, 0.09244855270465586, 0.0918064474486462, 0.053721308337456516, 0.08960690156640125, 0.11957480911005344, 0.05223841824737292, 0.011840084486917823], [0.638068223170779, 0.5038796607371009, 0.4387479900035526, 0.36859613630356264, 0.24363250079608156, 0.4350519578576953, 0.01299271732022314, 0.2117191167776228, 0.3232776911672421, 0.31195621946136, 0.2780515546079986, 0.1729707367328014, 0.5671223251870703, 0.466558278869423, 0.45688161652503184, 0.4276098206739609, 0.4832901555017435, 0.5053671630681739, 0.40437500085897116, 0.3073960844793089]], "priors_": [0.6182003050330452, 0.38179969496695476], "scalings_": [[0.09585089795554495, 0.01433030667033078, 0.00928489073626618, 0.005981677827620799, 0.00463842024164432, 0.003970726418238388, 0.0038881116469316173, 0.0033182269912173544, 0.002638555687555093, 0.0024300050606911247, 0.0021518845898899444, 0.0020718833073260826, 0.0017684283009385881, 0.001441376724232338, 0.0012269973755398367, 0.0010873066368302048, 0.0007888319876100346, 0.0006283475787151866, 0.0005724353511891274, 0.0002854898996098473], [0.5017146962080044, 0.1667294380020808, 0.024691487860209194, 0.013629828470303404, 0.01257937397558851, 0.009132311497655081, 0.007475671118010406, 0.006712437566255574, 0.005370432964120477, 0.004072528467719424, 0.0034053435948699106, 0.0028789575065570595, 0.002036377512738251, 0.001546294445232644, 0.0012633271985457645, 0.0011149177736642431, 0.0010450176052174249, 0.0008241435053004042, 0.0004787345561944794, 0.0003541027958357224]], "rotations_": [[[0.3958175016303418, -0.3488842469839274, -0.27118540104639244, -0.5364578252987849, -0.14598051058713057, 0.30145207076317837, -0.3744822690346922, 0.09682266560645858, -0.1288036235241019, 0.1414443614333643, -0.19518605424209926, 0.09054768710344208, -0.01710823144611904, 0.05328452851623345, 0.03828467001580503, 0.005553136396120427, 0.08696391832720496, 0.02931601796086581, -0.05034742219283924, 0.002376492990581592], [0.2742827195090308, 0.4204561470840882, -0.24576083964941556, -0.07277281918603878, -0.07084496840651797, -0.09623948949301847, -0.0535794023095143, -0.18048982503224137, -0.12847165000610736, -0.07305958420058703, 0.14277202525441668, -0.17079185307276615, 0.07674497364017832, 0.010344371076405817, -0.06114491428010111, -0.1202112414483954, -0.4177588814833894, -0.05313809869870159, -0.5530764893229255, -0.23182020350629437], [0.1412571172008371, 0.46424910764711774, 0.20494269703608034, -0.1779830107968341, 0.3404471268942676, 0.23713980684340996, -0.10319407590960071, -0.545879914277702, -0.2474609441912976, 0.06739916951150737, -0.0841059766238347, 0.00019882428586655287, -0.04865648833203888, -0.04776484845952094, -0.04433135057937131, 0.023862768991639385, 0.19583912857722435, 0.022780682459423912, 0.27746925034402303, 0.11902997073198074], [0.25604915002058476, 0.2801951064057894, -0.5173751877942905, 0.051642535835608155, 0.35450039623702356, -0.2821603803438611, -0.16953038510809176, 0.3168591894687417, 0.23687969389574368, -0.07740527497865261, 0.11095912823862822, -0.04115705253771244, 0.15428224544151628, 0.009629256173177501, 0.03890850430771192, 0.05489755481559263, 0.1146430243615062, 0.03420345534707928, 0.3493429952361674, 0.10136083172374619], [0.04245988739594993, 0.06927983393576388, -0.020452022691152733, 0.007655211083422204, -0.04759750428115638, -0.02511146178975421, 0.010369649493323696, -0.038367010156176856, -0.01639410478307628, 0.007723366974797335, 0.05360426752076007, 0.003073265920878224, -0.34076258473920873, -0.15357413914958812, 0.8611516898071279, 0.29618978820066855, -0.12046304223592423, -0.033969339440318824, -0.005598504066687163, 0.022852742683261484], [0.17012985077787834, 0.13749944171669523, -0.2306187158060237, 0.00614306817916992, -0.7254415406564982, -0.19818161096198628, 0.30946581569918324, -0.21642087237466445, -0.1586823924446902, -0.023765903118615133, 0.04703187550898293, 0.05618844358223505, 0.07122975839612693, 0.024351343194499206, -0.06897766811542311, 0.1011847269047603, 0.17036126024818637, 0.034469177722188174, 0.29928882503820453, 0.13862419245522342], [0.005448758494627631, -0.0013580697472199425, -0.011572994400173483, 0.00888790057222629, 0.027114851794366263, -0.0040754878349899045, -0.00042756421079491, 0.018166208316084263, 0.0032596284296607485, -0.020051556122868613, 0.010988392922651583, -0.00911125148000767, -0.00860042526900723, 0.006893711368055024, -0.027875838647745184, -0.0397993526262793, -0.0925016983049, -0.016751969549466013, -0.3090180810486387, 0.944057816399354], [0.04779356382597959, 0.05479543581853369, -0.0910637788869367, 0.0014093129728457235, -0.05874552541555048, -0.0780594557280617, -0.058194887664433176, 0.0689351847556964, 0.08020223514370617, 0.014068686116232115, 0.08750309536874395, -0.011102049897705812, -0.8457810642004209, -0.25626254622212924, -0.2879904263281338, -0.2915990398021169, 0.04537463814719398, -0.002104989930648054, 0.056930919323968515, -0.006019851853627538], [0.025297642342094917, 0.1500076257509101, 0.2855409142695121, -0.40100379068467745, 0.0051719945972953894, -0.17356527856539886, 0.16622331801844567, 0.21542052833932585, 0.01676891962609555, -0.03709012512944984, 0.14927030216314316, 0.17826558694783862, 0.0217250099269366, 0.04550153341902057, 0.07841925903103102, -0.15328462973496018, -0.07453404277170816, 0.7326907473594068, -0.005911620658828208, 0.0009972495489378478], [0.028470212242773588, 0.1522834055455158, 0.24783032843761504, -0.4046305157777836, -0.001873377726531483, -0.18082928730268324, 0.14846143093552336, 0.20635574025917242, 0.014057418927736758, -0.014161774504866678, 0.17420196937568588, 0.2934757577174513, 0.06890100208614805, 0.06333097386782917, 0.10573152849369352, -0.26927673608744324, 0.10028315499499221, -0.6585613902762054, 0.021155993878740755, -0.00027250289893987825], [0.013165069522287517, 0.07294838529356315, 0.19242601763513972, -0.33115148140630346, 0.01975906791184889, -0.1246520555131925, 0.0914644253237623, 0.18199184826789488, 0.04907132073771496, -0.11180985126752707, -0.05625486026258661, -0.32154642249926685, -0.17039993000957995, 0.07743445445663769, -0.30377630001990497, 0.723745880298853, -0.06153650072134276, -0.11495345758644125, -0.028446609713869916, -0.002010341828280532], [0.00289398007534331, 0.05142043012863765, 0.0801642416554407, -0.11490028691836456, -0.0794707798221221, -0.020411654279836842, 0.11459268192937705, 0.11607051517580774, 0.016770496061199618, -0.1939298200464554, -0.4292666172281311, -0.7037305266027032, 0.035938165415659, 0.03862007293968367, 0.2035344888203311, -0.40067749037053646, 0.1189711170878475, -0.016998576106643383, 0.08481834935312652, 0.024444952346380364], [0.39421620444255867, -0.17592429402161572, 0.2600438028726809, 0.10855574093079035, -0.026013736557567824, 0.1645697464701832, 0.022922207169353427, 0.04607053763744194, 0.01771700253176224, -0.03113128398709125, 0.16436147351128128, -0.10174178504486941, 0.06178281361371318, -0.08493709934481299, -0.05908567285478823, -0.0834572958417425, -0.6481847947728273, -0.0798433476047615, 0.45944791660077733, 0.07798452778676768], [0.29218866224333817, -0.2986687396067955, 0.16709264191695358, -0.03689925599382865, 0.08440200528593017, -0.4607701408139299, -0.005096192672171387, -0.3909089666212069, 0.36619380390757394, 0.44219369458203595, 0.12419018544691929, -0.20557649065173222, 0.03395145946959062, 0.02529309918929168, 0.032266854374897166, -0.027977418286250777, 0.14837894250200304, 0.013200977673454049, -0.10308705981196742, -0.010988322678130928], [0.3024694979252612, -0.24150357410145776, -0.09427700434401046, -0.0317382740403602, 0.21636079174925985, 