{"meta": "qda", "means_": [[0.2838790985140791, 0.1809972249214912, 0.153345464768806, 0.026577163068422404, 0.14774858394581072, 0.0016067820549358002, 0.0307289439741311, 0.0683818230709355, 0.06568068107390179, 0.011378531410637336, 0.37584030339684865, 0.2339267927893507, 0.24056244451087092, 0.14344476610084858, 0.23646022340836084, 0.2758607555729097, 0.13548817641643773, 0.03953823422735995], [0.6803022594695827, 0.5849765203687948, 0.47685867337271903, 0.2793905025307276, 0.5886110672523567, 0.022408314306211125, 0.24646984870580854, 0.4708813061336873, 0.44499235372594703, 0.28291388992712574, 0.7634556003756114, 0.6767106952766396, 0.6717478483489736, 0.5812593642150369, 0.707894460177342, 0.6908108731695001, 0.533546173770801, 0.4295194305537127]], "priors_": [0.894185516927281, 0.105814483072719], "scalings_": [[0.23549807232201114, 0.05090846937762254, 0.035945920813943245, 0.016962735833336042, 0.012804843652680663, 0.012537708331780728, 0.009079092636414314, 0.008550832756548903, 0.0076338511999572275, 0.006918411300483346, 0.006263134301154132, 0.006017513900351056, 0.004814600855583169, 0.004434549569895312, 0.0029675689609233685, 0.0014758381192808495, 0.001265198170757722, 0.000887640736932126], [0.5444937338439785, 0.10677723231863476, 0.0837494442308474, 0.055006677136958566, 0.023991834064889247, 0.018930554828254075, 0.012820286174369009, 0.012364926749035702, 0.01148206057765655, 0.008108727201123614, 0.005955954736643701, 0.003806066106254712, 0.002707740915663941, 0.0021242178458259807, 0.0015064120664488704, 0.001202301774536101, 0.0007034675196935971, 0.0005423884083450508]], "rotations_": [[[0.29006778528889193, 0.4162639362384228, -0.07781828279888876, 0.028917669182512044, -0.05378676140652785, 0.03500509208793712, -0.15175322574056715, 0.07369543116618779, -0.020855582205513635, -0.05215106887488666, -0.03042695972193864, 0.02807254648811383, 0.011153610506912558, -0.16868758920272423, -0.07442088057390707, -0.6925305854187526, 0.3581353767022637, 0.23720914454548686], [0.169919070943518, 0.19460134789888028, -0.41057998926652495, -0.003526180857871341, -0.005747471370781399, -0.3451136898772984, -0.5929012787867605, 0.07848066551755782, 0.3285041943908692, -0.19962137719531103, -0.0322713452349158, 0.13684249835061874, -0.12150746281042857, -0.012376939552168842, -0.04935083140707289, 0.24647799696569955, -0.16835884870351084, -0.11773682046167729], [0.29146573748668925, 0.6139932450555124, 0.30348769185432745, -0.18006351312354385, -0.30489082399293777, -0.23854831460789694, 0.23850190170720997, 0.08630355528211042, -0.2133472128955438, 0.08229856404875271, 0.0051294625996836166, -0.11818696070267393, 0.06354197327798244, 0.006543254019617566, -0.038870756564424444, 0.27981952314763225, -0.1943847716716411, -0.10666257118330245], [0.06171992464929535, 0.05049723447032477, -0.06588139521488952, 0.005995073607641026, -0.06865279065059375, 0.15323761367569055, -0.10838685816790695, -0.47045111898745784, 0.08882379161744844, -0.08644240257774186, -0.02749254635462643, 0.0058063677310944365, 0.8157158570844807, -0.16996876849188775, 0.0766079812986348, 0.0398844775769092, -0.08205084967450296, -0.058071471512738324], [0.22443249585003608, 0.22849495330289687, 0.007012190792257067, 0.23478864306770225, 0.25252842014621835, 0.762929089234736, -0.08151107698335971, 0.23013753221729183, -0.08797691169173484, -0.1449206616389052, -0.09680309476655154, 0.09805471592584397, -0.07444068684345967, -0.01835046485868518, -0.047892640562014505, 0.22052477154367434, -0.1456779303945715, -0.10513752641736684], [0.007848220732340282, 0.003534892828739259, 0.008260302373755744, -0.012029861728824347, -0.013417472466021228, -0.00029534274437784764, 0.031600129776667485, -0.03623060816292137, 0.022632538121800466, 0.026435513480886234, -0.029810427973445797, 0.013034296562101623, -0.03796444623087623, 0.001465979038284054, -0.0063962684764760636, -0.1199029085960053, 0.38515536884822005, -0.9114528347689751], [0.06796914905828286, 0.1531758113080138, 0.03819283199607459, -0.04885279156250277, -0.19202363267041955, 0.24928006145524742, -0.04091750759069738, -0.7338704212959659, 0.21093155862572308, 0.17353714098694548, 0.07871238923703794, 0.029657153225973645, -0.46946726276311185, 0.14921497651550358, -0.017171654801916337, 0.02940314336783854, 0.001631343327620223, 0.05752629979395672], [0.04457799056229493, -0.059308518143561445, -0.44186975060331496, -0.402465130826177, 0.10228618417914268, 0.06357115753785789, 0.19503401520293825, -0.0855583728308837, -0.21205256679852158, 0.023441647440594737, -0.09951481119229141, -0.03101384362439203, 0.033215110166986375, 0.027661995085418223, -0.7197104526016335, 0.027727826761381004, -0.02011760722231469, -0.00011380338105720141], [0.03965238650615156, 0.04640665611190345, -0.40995000382739416, -0.5651518409229277, 0.046013989116487394, 0.14907241896422485, 0.10311723255786535, 0.03429954467419911, -0.19047704655184072, -0.035520348961675975, 0.10322061846588473, 0.02987886105511169, -0.07809066830494826, -0.05847107674892181, 0.6434627589586037, -0.00032009861714346263, 0.00035497230662112286, -0.004122265789777339], [0.010927567293835684, 0.01313987742566282, -0.014805961995953243, -0.04433487828284304, 0.035566448039518986, -0.0455301945650497, 0.260127949780177, -0.0008528670300901718, 0.3161335511004539, 0.14029591227889548, -0.8442350167767472, 0.10504310422219254, -0.07026125106398184, -0.2483682549777179, 0.11739807227808494, 0.010558140722948538, -0.03759276373362408, 0.03460161790681443], [0.3630284613888399, -0.24648233684376286, -0.0075455332213829746, 0.10357676540430863, 0.09880634011140285, -0.08624602801646783, 0.039022791344938135, -0.07640870402610055, -0.08514010352332206, 0.15236673093779202, 0.10711044351261126, -0.08666913646925055, -0.11955050518860633, -0.2706511183659098, 0.022004553444382506, -0.391061234973988, -0.6579448210532192, -0.2209346082349578], [0.32424354973140934, -0.36180872792101704, 0.1478736876983783, -0.2528109520789581, -0.3695540811641389, 0.20263253433384734, -0.2661003952636213, 0.15471459096068754, 0.12731084563694736, -0.08148688946029911, -0.15995702154623972, -0.5817319234323439, -0.0024050455502909428, 0.05879960809054881, -0.016748607302025185, 0.0462069778694944, 0.10915163429685226, 0.03413311930125736], [0.35568936449638466, -0.1653809782387416, 0.34034575006439866, -0.30302438794414754, 0.3314454529344936, -0.0679120464184843, -0.289400197828383, -0.004962962316910012, -0.09297832549189958, 0.38076848191460255, -0.07302537313148232, 0.415836774414712, 0.12735217683117023, 0.27694220372835693, 0.006160995760740366, 0.03358742472623989, 0.10908001704789425, 0.04865532635472435], [0.23226038650899775, 0.04457752268610174, -0.41470314024006216, 0.4132647418596669, 0.06008165765311285, -0.0904382363342533, 0.12925075459253776, -0.017071568352373435, -0.09766197436420294, 0.31525084535546555, -0.13716229430326857, -0.28104948255904055, 0.1226101222043186, 0.5649771599733061, 0.16796066419786568, 0.003748157565654636, 0.05368983948662798, 0.021267599051914637], [0.34241610945913475, -0.29835161765072876, -0.11763882450839643, 0.1608433641634959, -0.5342126617915219, 0.010491197489054, 0.2568737229926597, 0.0489348409516434, -0.06533176443076247, -0.2647713209273789, 0.023154463292358637, 0.5572636383242484, -0.0015339044049836534, 0.09120883561079679, 0.00348405707833573, 0.03885845097367718, 0.06169780853444849, 0.032480029814494105], [0.35964576232904866, -0.12797364300275532, -0.060698950275399274, 0.20648539932511273, 0.24497739076217126, -0.16350328165152728, 0.08978237477262416, -0.16456557208836853, -0.14382122507159784, 0.053977377395588104, 0.138904652868357, -0.1401897439093983, -0.11338997483021862, -0.531204128667829, 0.027838081573685412, 0.3876689537767044, 0.4037184496381322, 0.12014781510654937], [0.26742358286718465, 0.016359372979744047, 0.14821762466199823, -0.12306041828307918, 0.4162731922316931, -0.11883490754863041, 