{"meta": "qda", "means_": [[0.18401391759772753, 0.1278098403013737, 0.07526509402172334, 0.009009630380275826, 0.08553202223905931, 0.0004988227385343859, 0.013253735961890847, 0.04095579395392984, 0.03735687777427158, 0.00658675391397273, 0.027757505710820286, 0.258916195387662, 0.1423098761659897, 0.14274482018477408, 0.07695284122879098, 0.13395015548531125, 0.16644124092578944, 0.0652299701718728, 0.016632919319813557], [0.5835567435105964, 0.5170167753528494, 0.38851037480256884, 0.19714367280390022, 0.5014063596555729, 0.004769769830311314, 0.17011892810117227, 0.40331323603357544, 0.37706721061659576, 0.15012396899549724, 0.21475983187408976, 0.7039987386997082, 0.607705092127864, 0.6008141639018967, 0.5336874836212065, 0.6188533757536836, 0.6227776054773326, 0.4198304503271043, 0.3192761319321316]], "priors_": [0.7186218211648893, 0.28137817883511074], "scalings_": [[0.16796017177797662, 0.02876292883462957, 0.018379532438495348, 0.014942687575836394, 0.010969942748374477, 0.009835496456038394, 0.008107848574237799, 0.006581580407207106, 0.005644952938218616, 0.004993705786516236, 0.0043576616736098785, 0.003692291367959328, 0.003132879421625426, 0.0020649930516907287, 0.0018177266000579605, 0.0016692415205395881, 0.0015130779907149012, 0.0010715684917594077, 0.00024152641378174437], [0.7978199579031419, 0.09277308323478635, 0.06227986095544627, 0.042842561119420176, 0.03061342589967239, 0.022439437816472063, 0.017091437804738274, 0.014962236918478622, 0.01239337811684769, 0.01053250510553368, 0.0065545683081129165, 0.004975994235250777, 0.004123165087300252, 0.0032539847954477755, 0.0027337415943164906, 0.0023120203565682052, 0.0010885373803233922, 0.0010477702906259959, 0.0009106883534748447]], "rotations_": [[[0.28998894080313775, 0.42292782989654126, -0.1827972866462557, 0.020698031362359905, -0.049450881962928614, 0.06987741796886202, -0.07186346706664161, 0.2022689509917388, -0.09113192407683465, 0.09072489067303853, -0.20350552111407721, 0.05335816666778915, 0.002809623186405419, 0.00597607416215568, -0.22982052624526175, 0.09996560633828634, 0.20547496233129922, -0.6925365909408782, 0.06565942534433193], [0.1659175173224513, 0.4286640338022392, 0.23470511253611528, -0.205626637369351, -0.13307744943073643, -0.4084543112002981, 0.06943119671316508, 0.5602125998430609, -0.16726727485618526, 0.12638362474103282, 0.09431545188351506, -0.05652023183133663, 0.04955468255195757, -0.006624831492004725, 0.055759447271900575, -0.052853067931091374, -0.09769750661365394, 0.3363592480148441, -0.03194953206502775], [0.27658634166325996, 0.33313416406079244, -0.5110921224041879, 0.014537486499143895, -0.19571520461044634, -0.18949614703508064, -0.3570336477615493, -0.3774674136544331, 0.1636727669515175, -0.08681612740872655, -0.10982724812093828, 0.17201015607932324, -0.019503470667541635, 0.011589695065143376, 0.07510776397238651, 0.0004916969140750863, -0.03823440269100464, 0.3502162761837512, -0.026123864760014028], [0.04128824424461877, 0.05170355606207076, -0.014950543308710153, 0.000381808378349717, 0.014304844411270497, 0.05414151948926921, -0.0023371854661066007, 0.019933907299985575, -0.006413209259444678, -0.00958130285614571, -0.040598308857161355, -0.27925959111229876, 0.009658718507621225, 0.248814689896821, 0.762225703535627, 0.054556236090762586, 0.514232360395179, -0.03838296137399129, -0.014761820515083793], [0.19189146409038055, 0.16900906719952852, -0.20992232011496262, 0.1617507638785535, 0.1346934042733572, 0.7660318582585317, 0.1592014662482356, 0.2345689872546896, -0.18394851700302595, 0.07060307569359364, 0.07059742654406707, 0.09938114086323416, -0.01561541126363077, -0.008666897070089948, 0.041934441034772486, -0.01798850102703511, -0.10487721245644006, 0.33243658674283044, -0.03835701855155852], [0.002346260813270437, 1.0846937471753124e-05, -0.004807455994258106, -0.00015763432109224104, -0.001577152366031983, -0.008088036909029204, -9.640950644343731e-05, -0.007209167167362903, -0.001070917684126732, -0.004645657538383234, -0.005605823991993692, -0.013975100783002379, 0.00022680754976583137, -0.002692172365412479, -0.026302615693059285, 0.0035394686795766927, -0.0024042581021599813, -0.08634187451055167, -0.9957056097087246], [0.0529469996449265, 0.06371257342090747, -0.10818146391028523, -0.00022541697297401124, 0.02373151976725823, 0.07865259731473716, -0.08314953190726997, -0.05892025455951137, 0.030709324951151896, -0.04380571294323689, -0.13459146881076045, -0.9158410882107244, 0.1357094824947107, -0.09232974671743943, -0.21936943786789884, -0.021658807180545765, -0.15391098869718542, 0.07161725789615486, 0.014349098484009585], [0.03426417506287262, 0.15700172779866398, 0.42046592523810417, -0.1692733390262301, -0.36344844896748163, 0.2347490644037537, -0.018347096486005316, -0.2605781704429924, -0.018371309693122163, -0.006801118339544724, -0.03910599947609633, -0.013947707446817616, -0.06612032478445055, 0.24045026688849594, -0.045322466221282595, 0.6526438293038129, -0.13511443425148217, 0.05231611802342868, -0.002254427224763428], [0.035379611606685755, 0.17718975508929583, 0.3693358641109274, -0.18275860483570097, -0.37652981752727654, 0.2602322306230189, -0.042069414345659625, -0.2597263945155125, -0.034544901368999285, -0.027278557676375464, -0.05912542017166908, 0.00725099677445533, -0.11136418037066281, -0.37506158450770677, 0.05854737932622477, -0.5797777498404932, 0.1363878893316709, -0.04570005120613005, 0.00010835314251495844], [0.0004530392541435965, 0.03387921665100544, 0.06771718352360313, -0.024361025537088014, -0.06108187044912309, 0.059381314496978345, -0.014975084394314678, -0.039474331373775665, 0.011661274858367644, -0.06720908811719299, -0.015043044594729667, 0.011344265699591044, 0.13051277306307718, 0.8429529149695817, -0.21016539765243378, -0.4529227970482383, -0.05177047366826707, -0.005381985300686176, 0.002090492723570801], [0.01474449261057771, 0.09544818599630425, 0.2915315365893718, 0.9220071761651351, -0.15474473600919397, -0.10092010116690797, -0.12631964921605715, 0.028969650402045452, 0.027148164439252994, 0.012097981101155278, -0.03481913884110834, -0.023299183469535568, -0.011699647829968109, -0.01054325711707744, 0.013669807426746505, -0.018060144436789976, -0.015340947785234357, 0.03180472903997378, -0.003333335776262397], [0.4145863828243824, -0.24483928120170256, 0.16601856479872532, -0.0018614373020778424, 0.1084562155736202, -0.05604550252034263, 0.15638775792300688, -0.06728385608399401, 0.029040381339897177, 0.09513800113893654, -0.2517376214695908, 0.04462449048832551, 0.12872689391452283, -0.028004764889041047, -0.37547692650257547, 0.06931055392883104, 0.5930053480169106, 0.3260862740331229, -0.01819387741466699], [0.33738026547952715, -0.3949988761208013, 0.044816881486939956, -0.08340101709704063, -0.23661577965219582, 0.1501172931810393, -0.3619405226647422, 0.38952176461889443, 0.5478968940942479, 0.14229684759982067, 0.03220241116075158, -0.007473066979293702, -0.08337547513345812, 0.01058828826234081, 0.08582398184979965, -0.024334985266193643, -0.13724591821963356, -0.06741823593984952, -0.0005956281117696048], [0.35396126456058724, -0.2951392493332094, -0.18266566116877553, 0.06769389222737601, -0.428633523105299, -0.10287938384734693, 0.38665085402993554, 0.06080849666568473, -0.26604627166945594, -0.5455677100136455, 0.07504210272249623, -0.038214233464133385, -0.020592522669534718, -0.009991458464704067, 0.06558377931343182, 0.0030009143162428725, -0.10953215480185724, -0.09816796025932906, 0.01276201611607856], [0.22515290330633236, 0.31138866211741983, 0.21138837590842646, -0.0010535496766844385, 0.41168584101348327, -0.003903535754665566, 0.2308842708239279, -0.06948366178004584, 0.5169416955868127, -0.4577913306178124, 0.2559381337997854, -0.018743090288850475, -0.1847126287092085, -0.01483027037032141, -0.01363568885123094, -0.0023029501703726273, -0.015154844161153612, -0.05082704572080832, 0.004569941695553352], [0.33473556235640034, 