{"meta": "qda", "means_": [[0.37184701287725197, 0.1954409253162376, 0.12259661392374548, 0.10534622328548322, 0.021160071992895216, 0.09610959207772897, 0.0006121653621363603, 0.018208845685638145, 0.03871057765390888, 0.03636127139322961, 0.022629171644458723, 0.2631103059080626, 0.14540300266495346, 0.14842235989767555, 0.10281958550691621, 0.1519405659175517, 0.19514470311524432, 0.09810283686024482, 0.025625473828249982], [0.7099613145829011, 0.6059200822882395, 0.5348303624675877, 0.5107910811302703, 0.3965018130491669, 0.546291043731095, 0.04366294220131008, 0.3319628517616031, 0.43644091495247, 0.4152767179915757, 0.218167792147494, 0.6511461397933868, 0.5616055360605033, 0.5588489083176286, 0.5298889940280278, 0.5775965081467518, 0.6001037445306145, 0.5266738198819164, 0.4484488213082904]], "priors_": [0.7798030867482704, 0.22019691325172963], "scalings_": [[0.11659544396926302, 0.023040406359092123, 0.01626583533736032, 0.00762789354230702, 0.007139504592884214, 0.005784865829635651, 0.005442149347754637, 0.004298570814892312, 0.0038225529429542202, 0.0035221633118441608, 0.002874217866366809, 0.002667777124113183, 0.002423694843482733, 0.002211646229287692, 0.002028482872933841, 0.0009542897687232655, 0.0007013102492413187, 0.0005798271009679089, 0.00012413382476697917], [0.5506096373332997, 0.1568300367618673, 0.051172195053506855, 0.01878537393983494, 0.013565208851148078, 0.008708343397641701, 0.007556849013805303, 0.004956681950400744, 0.004634463951717415, 0.0030372370205649043, 0.0019072965474422506, 0.001193801298285966, 0.0008660774523691612, 0.0007392620922394926, 0.0006118576908222189, 0.0004241358978124023, 0.00031287370910058193, 0.00021682887527409923, 0.0001779131176802567]], "rotations_": [[[0.2747000366463561, 0.13713439660830667, -0.2548858928193375, -0.16367932321111173, -0.337833359874895, 0.20059046122135185, -0.03967740047073069, 0.4931772217431181, -0.11768113590066807, 0.31676950184770974, 0.3284458357894144, -0.3940883669605774, 0.1002182051834215, -0.07979393027180862, -0.12880462129399012, 0.034120228485115346, -0.056744466571898196, -0.0016005815239125132, -0.006940876240118074], [0.2901549535559488, 0.3930395671297776, 0.14232599395964, -0.04253290641104007, 0.031108031540030626, 0.04665404934033105, 0.024544423766902454, 0.02984890295305151, -0.09397768399852413, -0.1554375149433818, -0.11824113769492961, -0.04663817657956526, -0.04800061927194016, 0.0001727821555852875, 0.14735737586484257, 0.09034780744823305, 0.6380572954876051, 0.49006418164233023, 0.07756823210178286], [0.16737681332993282, 0.15379548541467705, 0.45202616542523616, -0.10659080327118851, -0.10575353504441576, -0.3467657244999216, 0.12682635387330135, 0.12651693743655676, -0.43814252260875963, -0.47934101259221784, 0.12768219418671162, -0.12293641062547903, -0.02478692609583233, 0.046281917155879156, -0.06709411600085563, 0.016362702474908838, -0.23563437001770082, -0.22576272571974365, -0.0441593614445889], [0.29364766719228086, 0.6302140898483359, -0.2309073011171558, 0.1712393372600763, -0.013821021333205206, -0.1124370749048368, 0.38779947683201516, -0.12766525264868098, 0.23808830309595347, 0.116380444586374, -0.15795338854086727, 0.17543567893527343, 0.03263246925223011, -0.042582110750475605, 0.08294891297840373, 0.014902077974920484, -0.23660194812311128, -0.24884361800075916, -0.024463320388972788], [0.07373361771652398, 0.04791739655707101, 0.11457252837078818, -0.055967235255238626, -0.07535939449308396, 0.17017837897122468, -0.09677284764623362, -0.5893142259561537, -0.46847422593374594, 0.3129263998280917, 0.05766493486718932, -0.06092575585540061, 0.045087118244051524, -0.47594140636856763, 0.15011943644823023, -0.02749082551829674, -0.012900280139440556, -0.08942949053117442, -0.016588681386932376], [0.2104119710464621, 0.18525625110827026, 0.037259226486284706, -0.14176715905621934, 0.20093884546583954, 0.5628002700013549, -0.521761780289736, 0.051437796459219656, 0.08376802625417029, -0.3086146830044723, -0.2599133219819969, -0.005405924270195622, -0.050252694923852106, 0.023354052679156787, 0.027000492339644258, 0.015390420878958543, -0.21293228460680835, -0.21679345941600703, -0.04121308440391842], [0.004439043505084686, 0.0022850492884087304, -0.0051050695449578135, 0.010696055792412994, -0.0034343534037672486, -0.0014916210679022297, 0.00651189726567887, -0.010895743367458143, 0.007239056901287354, 0.011814931602800269, 0.0020149196006834574, 0.008625992563729989, -0.008511773912986832, 0.019294037958347176, -0.010670766411957605, 0.010026334171648783, 0.04427465426226603, 0.10511253074633864, -0.9928348342956258], [0.062454631450448175, 0.12426025339912095, -0.004440893516196867, -0.025631423285764687, -0.10037834376126925, 0.16940173205612802, -0.029858167186553278, -0.3687330478059542, -0.18812799325681884, 0.17137534690962453, 0.20478813514911265, 0.08333970978072619, -0.14981506858514385, 0.7612546479447903, -0.29464019404403685, -0.0006256936587871343, -0.008522642287818696, 0.03262271406763412, 0.028375034680430684], [0.04019356712197958, -0.07173209487726073, 0.3105472606229591, -0.056764959339104214, -0.4116915681264366, -0.1241942564975545, -0.16187348386085262, -0.03709962166489707, 0.2215881758390986, 0.21403243018965953, -0.27716643772833316, 0.01911985781580669, -0.024336814307099473, 0.029322318000089106, -0.010751062834729083, 0.7097225223855174, -0.041292003933040854, -0.04461610785906494, 0.00402505184682567], [0.03628365341271705, 0.028022339805152903, 0.26233330989972586, -0.09578039849658539, -0.5225215726307457, -0.09833385993118243, -0.16277876118235146, -0.012270978524920704, 0.23215993308617608, 0.1100837730957602, -0.25040464045253713, 2.5676406946814438e-05, -0.06818847624763173, 0.04719437436736394, 0.07734846995849808, -0.6843968026800835, 0.021377792248552244, 0.010821963806801636, -0.002779051753346558], [0.010311720043211514, -0.02299996511291922, 0.17663998262368397, 0.9232313683278158, -0.1562369069827393, 0.22404649336811755, -0.061560782998220376, 0.13593564606753325, -0.1281852703472908, -0.019374371602047545, 0.010036422837390674, -0.041264469573076196, 0.005833170211652193, 0.0017291343905059243, -0.0038475067454646107, -0.013917656088522832, -0.0057045813956632975, 0.0031312881419631603, 0.005797537764706159], [0.35810891570955183, -0.29219568619673214, -0.008958096656037723, 0.021602038215120394, 0.1239795251799516, -0.0705948950945317, 0.02027532189406009, 0.09539559581055124, -0.040986948167668825, 0.14750646863051237, -0.005732045005034984, 0.04697964066353563, -0.07809950952658459, 0.16188594897803343, 0.23738071873475017, -0.027560405581015305, 0.4838478945497622, -0.6363306720039746, -0.04298259910402783], [0.28326523268094284, -0.32399737381116567, -0.1988529595436199, -0.047885562163330495, -0.3066613259416611, 0.17491476517455443, 0.19124865679867645, -0.12224793739771472, -0.08156808246044109, -0.2993284195198361, -0.0971886361195666, 0.21481627073002776, 0.6251543093767445, 0.11683710500023117, 0.14107819275840033, 0.01944362252331315, -0.06211325861804279, 0.12757460368014226, 0.008261317640496393], [0.31099885188336623, -0.14638461014554296, -0.32902510117550826, 0.04916428696815159, -0.09489072263622228, -0.22294419529049428, -0.20978769146319454, 0.10478884662941518, -0.2712221340861597, -0.02123783798294561, -0.18513340703095113, 0.4649856770918027, -0.35827591169900136, -0.20840787909026265, -0.37580017348959266, -0.017977270006566768, -0.03828060766297406, 0.13356110340384392, 0.01815834386437644], [0.2375751701618392, -0.028758857255261602, 0.5066456657476127, -0.04941741462467943, 0.32860009065153784, 0.09292297409139638, 0.08244364606859798, 0.13707717496812627, 0.13856633803647384, 0.3055075563170108, 0.09523676168497361, 0.3033266275925704, 0.351282655113815, -0.11162467797187887, -0.42107563054357044, -0.10224860507373937, -0.01498369544097862, 0.06236384644467474, 0.007339764715346144], [0.3074010770028317, -0.3173921763760443, 0.07882393422165813, 