{"meta": "qda", "means_": [[0.2838790985140791, 0.1809972249214912, 0.153345464768806, 0.026577163068422404, 0.14774858394581072, 0.0016067820549358002, 0.0307289439741311, 0.0683818230709355, 0.06568068107390179, 0.030556006409378392, 0.37584030339684865, 0.2339267927893507, 0.24056244451087092, 0.14344476610084858, 0.23646022340836084, 0.2758607555729097, 0.13548817641643773, 0.03953823422735995], [0.6803022594695827, 0.5849765203687948, 0.47685867337271903, 0.2793905025307276, 0.5886110672523567, 0.022408314306211125, 0.24646984870580854, 0.4708813061336873, 0.44499235372594703, 0.32789897662357986, 0.7634556003756114, 0.6767106952766396, 0.6717478483489736, 0.5812593642150369, 0.707894460177342, 0.6908108731695001, 0.533546173770801, 0.4295194305537127]], "priors_": [0.894185516927281, 0.105814483072719], "scalings_": [[0.23551081771506147, 0.050906612329676956, 0.036268368883444764, 0.01694241101574349, 0.013504334479520635, 0.01279396162589703, 0.012134904128048326, 0.008744171862860202, 0.008548942616850956, 0.00746059828122918, 0.006894700856328781, 0.006020422096823061, 0.004822754785189949, 0.004545666314333699, 0.0030090509128697005, 0.0014758546906118032, 0.0012717834542917217, 0.0008892812454228712], [0.5456102860181963, 0.10268595815007114, 0.07187792079292017, 0.055012345818509854, 0.024482546244437912, 0.019378513508889757, 0.012996918538857155, 0.012416139628042618, 0.01153718377573541, 0.007799083486783459, 0.005784300180518599, 0.0038472588762737485, 0.0027184551338267425, 0.0021963960758697707, 0.0014892012887257808, 0.001192512856815932, 0.0007067231750624075, 0.000542259425117832]], "rotations_": [[[0.2900390462911519, 0.41627333339464434, -0.07787309542470912, 0.02734009122510492, -0.05780060749654709, 0.04532707179560925, -0.004252764252812933, 0.13945597578919003, 0.08265256614340401, 0.04346950741062792, -0.06430341910576026, 0.0261251338747306, -0.0018629082272545127, 0.1593611233376835, -0.08610653678548347, 0.6949701743517351, 0.35068180224475415, -0.24208906337767447], [0.1699617074488421, 0.19371290142469133, -0.40734145849902886, -0.005426674435526196, 0.054798919976776786, 0.042169437719789205, 0.3974343361807514, 0.5905021437200615, 0.11685861244929693, -0.25801986891510753, -0.19573060794739655, 0.1335863770923752, -0.1192694078732625, -0.0073723830166070176, -0.05159901849384142, -0.2475574593890255, -0.16465002148046592, 0.12033907941671976], [0.2913759473851175, 0.6147648475719306, 0.29786939194772916, -0.17957092176802303, 0.1611113179550664, 0.3382792767013732, 0.12002573607905875, -0.27017956461362813, 0.06815746282559204, 0.1774297397728452, 0.07551249221623531, -0.1169697467879098, 0.061686254307134196, 0.005511931213752663, -0.033740071973275616, -0.28141209958718927, -0.19219778709299962, 0.10854451246821493], [0.06172491202095295, 0.05042775253064803, -0.06501764868610102, 0.004733878850757683, -0.10151514305916542, 0.04579582855480451, -0.12313306277636954, 0.1580338673848996, -0.4603090897494823, -0.07473893364398702, -0.08653430506112547, 0.0030063466341881517, 0.7957595830172258, 0.24777369438731903, 0.07527871549350938, -0.040161098029339426, -0.08000755346022644, 0.059871702845489955], [0.22439265039795112, 0.22892530453736937, 0.00895080110115104, 0.23203125984971198, -0.39846072251616477, -0.35547681423421273, -0.5958403019398668, 0.08448833053501095, 0.23707453269578935, 0.11520925529732498, -0.17351906813768045, 0.08911461867073885, -0.07156725768005999, -0.0008713002567539464, -0.05119743909209372, -0.22162856669907466, -0.14211381043413263, 0.10694255428690563], [0.007849305901901535, 0.0034116646277737297, 0.007350481203169942, -0.011129362170420473, 0.020215241947532134, 0.015346375553215594, -0.018580315486404708, -0.01213433411093534, -0.03645289327960959, -0.011537685881681812, 0.022324829056749457, 0.00908962984592027, -0.03283843364547125, -0.019843551630220457, -0.018251385820971643, 0.1232226872858151, 0.39729683099432744, 0.9064962345814921], [0.06794203673510082, 0.15335456563333946, 0.03809040790173196, -0.04991943033900634, -0.14300622504869653, 0.15690565963030478, -0.23395977296575107, 0.13613526772956935, -0.724711595802757, -0.19222420077303579, 0.19711900907512567, 0.03628239484596904, -0.45511001795149114, -0.18889938293342187, -0.012863071711775345, -0.02970307963889634, 0.0002602661740336819, -0.05829248886757064], [0.04464082160572297, -0.060718929701275993, -0.439120407323115, -0.40210073992104284, -0.027267979144977486, -0.10991938253615748, -0.050795645719687546, -0.2109644150983719, -0.10050851249498612, 0.1997584380635643, -0.0005509126539098349, -0.04331454327336559, 0.04967450750224976, -0.06709366423296839, -0.7207626577858351, -0.029161328095023933, -0.02625399557327173, -0.002692126401719423], [0.0397045801626566, 0.04536491577690165, -0.40637488859318377, -0.5676730882870653, -0.10916886031605164, -0.07043648291644107, -0.09711596364877724, -0.15741263929576454, 0.022449603068518235, 0.13443333936231008, -0.02748791844411589, 0.04340039209873438, -0.09823748782638837, 0.09709736642322515, 0.6461467286327622, 0.001631201283675672, 0.005374358107838283, 0.007195049777225216], [0.01343183866147616, -0.01250591682745466, -0.11875589489589682, 0.004629924450255152, 0.8210947675844276, 0.042784636371256866, -0.5171414209373485, 0.1879079302600702, 0.027175213076305053, 0.046303308130741946, -0.026469974550489276, 0.010647454996906622, -0.022179705005139806, 0.041682747366479096, 0.01910973046357934, -0.006811505921438381, -0.006445503844063383, -0.01969713025836099], [0.3630474510418557, -0.2463247901954961, -0.006199587638354931, 0.10355802637396466, 0.05031979870930525, -0.08657761325919078, 0.08421518829457272, -0.05996090481749081, -0.08134091416125876, 0.06638677479031856, 0.16301727962778456, -0.07304145116417918, -0.15160917034033583, 0.276237901995876, 0.01738969326603865, 0.38686989834752095, -0.6562536797478811, 0.23060161943620663], [0.3242192004179435, -0.3611481147701038, 0.15052528130338613, -0.2551158673156833, -0.17431805870081157, 0.33478856601825185, -0.17267809413458, 0.29086337161846215, 0.1754745996522029, -0.06479353760084353, -0.10097587276207183, -0.5951469029657971, 0.006857962306576312, -0.06914663111720733, -0.017979269620538262, -0.045568381151727344, 0.10920144900875525, -0.03583450445511504], [0.3556232600680803, -0.16437170854937744, 0.3396620420026653, -0.30257754432803513, 0.07103884798959093, -0.32151746303152823, 0.10452794430188382, 0.28899960037925965, 0.01435731504992933, 0.1924872360285729, 0.34183817926470816, 0.40306801488233096, 0.15999816320189314, -0.28118533116250616, 0.013809262432951734, -0.033231052359776275, 0.1075564920221134, -0.05119642480046243], [0.23233354625822236, 0.043415849886627306, -0.41322868319121203, 0.41460956951797506, 0.04582394565210823, -0.04479942040599866, 0.07286228896085067, -0.12065350087029798, -0.025076240264826775, 0.13519109285113573, 0.2909301169214066, -0.2997300781312065, 0.1807045603701804, -0.559384105895936, 0.18806452125888315, -0.0032460736510569743, 0.051969633381088426, -0.02181474118100763], [0.3424525883611935, -0.2985429364881087, -0.11540466428851297, 0.1603918985715125, -0.05559464640764482, 0.5300450778688984, -0.07681323768259707, -0.2654680083932358, 0.030859877004144238, 0.007797429993354511, -0.2598275915303513, 0.5565308578018253, 0.009905498439850263, -0.09718062662722021, 0.005353092724601379, -0.03832870881705605, 0.06135667879669446, -0.0329813630781356], [0.3596632514985954, -0.1279461426831397, -0.059461627826747354, 0.20690947371235408, 0.09783679352862787, -0.2210328343552101, 0.1668654974592212, -0.1289063404774312, -0.17528595753479134, 0.09487777663778488, 0.06971310159571448, -0.12124984419373977, -0.17048706754966766, 0.5362966523231001, 0.007280861674010356, -0.3841532424480848, 0.4076796062481206, -0.12344511968681737], [0.26738865965823505, 0.016473037440204064, 0.1455481818677981, -0.11891144825604916, 0.1870780378743094, -0.38853288722055657, 