{"meta": "lda", "coef_": [[0.14595810809654536, 0.3050447054150057, -0.29728262920074233, -0.10487479486889209, 0.11268608361588564, -1.5053647107204882, 0.4420539158036882, 0.5324088112522779, 0.19564069597632763, 4.93417053461158, 0.006285676657855033, 0.41995157275550615, 0.24785047844242417, -0.2056055609880242, 0.862196797961069, -0.44966181421426, -0.10488226041336765, 0.6701551765866821]], "intercept_": [-12.858965545693225], "explained_variance_ratio_": [1.0], "means_": [[0.5397283531409153, 0.5290322580645134, 0.7436757215619695, 0.21511035653650254, 0.25172608941709557, 0.0025466893039049238, 0.18879456706281833, 0.36825127334465196, 0.3419354838709677, 0.07351443123938879, 0.2744536940686829, 0.3018817204301055, 0.30506250964655535, 0.3725297113752056, 0.28333550999084905, 0.331994906621399, 0.3983446519524618, 0.25857385398981325], [7.725968436154945, 9.217120994739368, 4.0993543758967, 2.9555236728837877, 6.972740315638452, 0.03730272596843615, 1.9842180774748923, 5.256814921090387, 4.2926829268292686, 0.8823529411764706, 8.747466098949408, 6.668579626972733, 5.7941828616147095, 10.353228120516494, 8.914799690983333, 9.669942611190805, 8.965925394548064, 5.66284074605452]], "priors_": [0.894185516927281, 0.105814483072719], "scalings_": [[-0.03324015445098778], [-0.06947015999785253], [0.06770244311259535], [0.023883937829282845], [-0.0256628622603914], [0.34282820010462933], [-0.10067231364261792], [-0.12124952390713671], [-0.044554749550811665], [-1.1236963317550965], [-0.0014314851409136294], [-0.09563877829311666], [-0.05644488197070838], [0.04682412434877041], [-0.19635466028660709], [0.102404918439383], [0.023885638014731016], [-0.1526195554763946]], "xbar_": [1.300136632761498, 1.4483578766256753, 1.0987551237285564, 0.5050857750113861, 0.9629067354890989, 0.006224381357218764, 0.37877637771367845, 0.8855321086989525, 0.7599817822984667, 0.15910126005768938, 1.1710211217598725, 0.9755705682910758, 0.8858909422140069, 1.4286321542432, 1.1966694304632586, 1.3200850159404938, 1.3049187794139976, 0.8304235615606499], "classes_": [0, 1], "params": {"n_components": null, "priors": null, "shrinkage": null, "solver": "svd", "store_covariance": false, "tol": 0.0001}}