{"meta": "lda", "coef_": [[0.033836147606527804, 0.21317231023399955, 0.03989591721931742, -0.28113506371625424, 0.04864348139365071, 0.14417993700190046, 0.3160931132852031, -0.09434592986255771, 0.0133098620642407, -0.10392953810633868, 2.169469080794313, 0.0239818362038862, -0.055067199852136185, 0.031236771966356304, -0.11706990788481698, -0.025093161542391686, 0.21423491094588568, -0.0987365637137821, 0.0005273394122003603]], "intercept_": [-3.10563519680222], "explained_variance_ratio_": [1.0], "means_": [[0.13805315433344728, 0.16131283833041155, 0.106685841031515, 0.3073195700392586, 0.2264118751066371, 0.15179434681226575, 0.002729909571745436, 0.20696126940795087, 0.38218734004436106, 0.3550588636751408, 0.07046579082067907, 0.11862883161398212, 0.17852212622730199, 0.16416993687083756, 0.11161917761473693, 0.15331728247612836, 0.13935430055545744, 0.20688543858651878, 0.2967070465790821], [26.5545354676121, 13.945259793762956, 19.258351316357373, 10.652084592145002, 14.801208459214502, 19.70835850956694, 0.37643504531722055, 12.817522658610272, 25.670090634441088, 21.720845921450152, 0.8622356495468277, 28.479825945799675, 37.070173029387576, 29.872598187311258, 21.45208459214499, 32.2239901532954, 24.635354145686485, 20.464652567975843, 30.9595166163142]], "priors_": [0.7798030867482704, 0.22019691325172963], "scalings_": [[-0.018044509129757406], [-0.11368285015658176], [-0.021276129034415624], [0.14992676716377096], [-0.025941125281696554], [-0.07688984632094224], [-0.16856957638486897], [0.05031382450973632], [-0.007098028130355731], [0.05542467543939597], [-1.1569580878517918], [-0.012789294672715201], [0.029366835788668392], [-0.01665828579203634], [0.06243231487853815], [0.013381954346918898], [-0.11424952543149446], [0.05265530952555873], [-0.0002812253022591296]], "xbar_": [5.954881018686317, 3.196495410342234, 4.323823462327988, 2.585204896221404, 3.435737094199042, 4.458089409260241, 0.08501862692921767, 2.9837679616817456, 5.950505588078765, 5.059739222990953, 0.24481106971793506, 6.363676892281534, 8.301949779863577, 6.705874135178301, 4.81072378924959, 7.215180454536518, 5.533297853468157, 4.6675832298504, 7.048563065460351], "classes_": [0, 1], "params": {"n_components": null, "priors": null, "shrinkage": null, "solver": "svd", "store_covariance": false, "tol": 0.0001}}