{"meta": "lda", "coef_": [[-0.15284225302596435, 0.363134425042422, -0.2436871111834606, -0.05100797293343893, 0.17949680077954058, -2.4749043926531087, 0.6094160044422737, 0.25463632702161326, 0.541602968233583, 7.454649840295111, 0.03564283606743882, 0.36501760013929585, 0.3370240289044196, -0.15522177154465389, 0.8370765538489802, -0.3895202866423213, -0.1275357839032779, 0.6044681927543848]], "intercept_": [-12.978950513756974], "explained_variance_ratio_": [1.0], "means_": [[0.5397283531409153, 0.5290322580645134, 0.7436757215619695, 0.21511035653650254, 0.25172608941709557, 0.0025466893039049238, 0.18879456706281833, 0.36825127334465196, 0.3419354838709677, 0.024448217317487267, 0.2744536940686829, 0.3018817204301055, 0.30506250964655535, 0.3725297113752056, 0.28333550999084905, 0.331994906621399, 0.3983446519524618, 0.25857385398981325], [7.725968436154945, 9.217120994739368, 4.0993543758967, 2.9555236728837877, 6.972740315638452, 0.03730272596843615, 1.9842180774748923, 5.256814921090387, 4.2926829268292686, 0.6255380200860832, 8.747466098949408, 6.668579626972733, 5.7941828616147095, 10.353228120516494, 8.914799690983333, 9.669942611190805, 8.965925394548064, 5.66284074605452]], "priors_": [0.894185516927281, 0.105814483072719], "scalings_": [[0.03429018982932858], [-0.08146928039691642], [0.05467125180379315], [0.01144364886063115], [-0.04027014291291579], [0.5552452921450829], [-0.1367226016604623], [-0.0571277105522046], [-0.12150873351561026], [-1.6724521725773642], [-0.007996477352375152], [-0.08189177110400317], [-0.07561140783638191], [0.034824035281701006], [-0.1877982911458761], [0.08738895368855024], [0.028612678454384713], [-0.13561255912537445]], "xbar_": [1.300136632761498, 1.4483578766256753, 1.0987551237285564, 0.5050857750113861, 0.9629067354890989, 0.006224381357218764, 0.37877637771367845, 0.8855321086989525, 0.7599817822984667, 0.08805222407772886, 1.1710211217598725, 0.9755705682910758, 0.8858909422140069, 1.4286321542432, 1.1966694304632586, 1.3200850159404938, 1.3049187794139976, 0.8304235615606499], "classes_": [0, 1], "params": {"n_components": null, "priors": null, "shrinkage": null, "solver": "svd", "store_covariance": false, "tol": 0.0001}}