{"meta": "lda", "coef_": [[-0.15777622814028602, 0.3607250444556289, -0.24152404027189656, -0.048843720187675035, 0.1747360142409903, -2.4972272892084084, 0.6121334540321758, 0.2564807613752058, 0.543341988108276, 28.50520508948609, 7.491319608724654, 0.037646540466636076, 0.36773935088314635, 0.34121442582785494, -0.15086685876724767, 0.8388134234130917, -0.38879756193063436, -0.1288645285295007, 0.6051907912053238]], "intercept_": [-13.044559862468635], "explained_variance_ratio_": [1.0], "means_": [[0.5397283531409153, 0.5290322580645134, 0.7436757215619695, 0.21511035653650254, 0.25172608941709557, 0.0025466893039049238, 0.18879456706281833, 0.36825127334465196, 0.3419354838709677, 0.0, 0.024448217317487267, 0.2744536940686829, 0.3018817204301055, 0.30506250964655535, 0.3725297113752056, 0.28333550999084905, 0.331994906621399, 0.3983446519524618, 0.25857385398981325], [7.725968436154945, 9.217120994739368, 4.0993543758967, 2.9555236728837877, 6.972740315638452, 0.03730272596843615, 1.9842180774748923, 5.256814921090387, 4.2926829268292686, 0.0014347202295552368, 0.6255380200860832, 8.747466098949408, 6.668579626972733, 5.7941828616147095, 10.353228120516494, 8.914799690983333, 9.669942611190805, 8.965925394548064, 5.66284074605452]], "priors_": [0.894185516927281, 0.105814483072719], "scalings_": [[0.03528826998210925], [-0.08067985214312728], [0.05401932623656307], [0.01092439846756088], [-0.039081499911705106], [0.5585304695579559], [-0.13690991884887713], [-0.05736455015629957], [-0.12152400266491806], [-6.375481179577882], [-1.6755103857590887], [-0.00842003449783222], [-0.08224867364348282], [-0.0763161023832922], [0.03374291872916192], [-0.18760921653989313], [0.08695855830445506], [0.028821872137942954], [-0.13535712117386317]], "xbar_": [1.300136632761498, 1.4483578766256753, 1.0987551237285564, 0.5050857750113861, 0.9629067354890989, 0.006224381357218764, 0.37877637771367845, 0.8855321086989525, 0.7599817822984667, 0.00015181417944436012, 0.08805222407772886, 1.1710211217598725, 0.9755705682910758, 0.8858909422140069, 1.4286321542432, 1.1966694304632586, 1.3200850159404938, 1.3049187794139976, 0.8304235615606499], "classes_": [0, 1], "params": {"n_components": null, "priors": null, "shrinkage": null, "solver": "svd", "store_covariance": false, "tol": 0.0001}}