{"meta": "lr", "classes_": [0, 1], "coef_": [[0.00602544060931499, 0.1100491000422187, -0.18387265276269552, 0.04074553769247711, 0.10773752807165272, -0.002731834069385857, 0.10815183999198717, 0.242490047205102, 0.18437264487845206, 0.1152992952210789, 0.10180315394001141, 0.14889592652263234, 0.0962988526996679, 0.0647346540821859, 0.1255120852624615, 0.05569094779859077, 0.04707537886143828, 0.2071935603539843]], "intercept_": [-2.3747891582501945], "n_iter_": [20], "params": {"C": 0.001, "class_weight": "balanced", "dual": false, "fit_intercept": true, "intercept_scaling": 1, "l1_ratio": null, "max_iter": 500, "multi_class": "auto", "n_jobs": 4, "penalty": "l2", "random_state": 1618, "solver": "lbfgs", "tol": 0.0001, "verbose": 0, "warm_start": false}}