{"meta": "lr", "classes_": [0, 1], "coef_": [[0.7189956412500478, -0.3002664159384013, -0.48036474746682495, 0.29445903110272165, -0.1384422868378291, -1.1330143273271642, 0.2788258177850149, 1.0665552347739768, 0.44082285072176053, 1.1283328555429224, 1.094516820977081, 0.11230905414000619, 0.5300257403489028, 0.5428574646241808, -0.08824640514800174, 0.2827565781128843, -0.6070880907627221, 0.10004020501639496, 0.11385584138447016]], "intercept_": [-3.977707965479539], "n_iter_": [76], "params": {"C": 10, "class_weight": null, "dual": false, "fit_intercept": true, "intercept_scaling": 1, "l1_ratio": null, "max_iter": 500, "multi_class": "auto", "n_jobs": 4, "penalty": "l2", "random_state": 1618, "solver": "lbfgs", "tol": 0.0001, "verbose": 0, "warm_start": false}}