{"meta": "lr", "classes_": [0, 1], "coef_": [[0.09613514587446839, 0.21277809257523594, -0.43946977434490225, 0.04385472467818115, 0.1012763553573973, -0.3727477329678122, 0.09957362324281202, 0.46039802314518463, 0.08758082889895707, 1.3749004150803494, 0.10060929839975187, 0.17361178477448846, 0.2266282209355104, -0.1615408643345821, 0.2783677556636258, -0.09451242189990504, 0.08472361660160287, 0.33852144597876993]], "intercept_": [-4.922531390791801], "n_iter_": [57], "params": {"C": 0.1, "class_weight": null, "dual": false, "fit_intercept": true, "intercept_scaling": 1, "l1_ratio": null, "max_iter": 500, "multi_class": "auto", "n_jobs": 4, "penalty": "l2", "random_state": 1618, "solver": "lbfgs", "tol": 0.0001, "verbose": 0, "warm_start": false}}