{"meta": "lr", "classes_": [0, 1], "coef_": [[0.042589223849679024, 0.1716251229849172, -0.39002557965547474, 0.04252972179405241, 0.10242081656594464, -0.02923714528247395, 0.3338848518292813, 0.5040374168661008, 0.20453913587172298, 0.8154117532510269, 0.10465469389666296, 0.2489148804786913, 0.19577747385894176, -0.09873007209009, 0.10337829075863415, -0.011132166267672359, 0.09822214098925001, 0.3207378489187721]], "intercept_": [-2.89300788296408], "n_iter_": [28], "params": {"C": 0.01, "class_weight": "balanced", "dual": false, "fit_intercept": true, "intercept_scaling": 1, "l1_ratio": null, "max_iter": 500, "multi_class": "auto", "n_jobs": 4, "penalty": "l2", "random_state": 1618, "solver": "lbfgs", "tol": 0.0001, "verbose": 0, "warm_start": false}}