{"meta": "lr", "classes_": [0, 1], "coef_": [[0.09924465623267799, 0.027536597909482936, -0.28255173362346203, 0.14405928220871858, 0.10107678701652369, -0.022189650486629693, 0.10206319271709147, 0.8562232061748515, 0.5432501994158261, 1.1483169418545627, 0.2299084533982406, 0.16106912105324017, 0.3763805650633163, 0.26032835500460555, -0.10094875639101626, 0.15151622177039784, -0.06566186848864072, 0.062338025712598055, 0.1648464807802206]], "intercept_": [-1.9847308064982432], "n_iter_": [11], "params": {"C": 0.01, "class_weight": "balanced", "dual": false, "fit_intercept": true, "intercept_scaling": 1, "l1_ratio": null, "max_iter": 500, "multi_class": "auto", "n_jobs": 4, "penalty": "l2", "random_state": 1618, "solver": "liblinear", "tol": 0.0001, "verbose": 0, "warm_start": false}}