{"meta": "lr", "classes_": [0, 1], "coef_": [[0.09613514743378394, 0.21277809200036754, -0.4394697750372128, 0.043854724266964726, 0.10127635420939077, -0.37274773417753015, 0.09957362318431187, 0.4603980233409867, 0.08758082882126131, 1.374900416485617, 0.10060929797422838, 0.17361178558473006, 0.2266282211478463, -0.16154086454882785, 0.2783677557431253, -0.09451242174960235, 0.08472361649586801, 0.3385214459760247]], "intercept_": [-4.922531391301695], "n_iter_": [57], "params": {"C": 0.1, "class_weight": null, "dual": false, "fit_intercept": true, "intercept_scaling": 1, "l1_ratio": null, "max_iter": 500, "multi_class": "auto", "n_jobs": 4, "penalty": "l2", "random_state": 1618, "solver": "lbfgs", "tol": 0.0001, "verbose": 0, "warm_start": false}}