{"meta": "lr", "classes_": [0, 1], "coef_": [[0.4391350598983752, -0.20173597175342153, -0.3809247454476047, 0.24808140426226777, -0.09761420687768078, -0.10309571598457462, 0.25424641096610695, 1.2144828389179154, 0.5612266999163449, 1.1267737608692026, 1.005256237889034, 0.12771537948625, 0.6340836941536678, 0.41824844129327887, -0.13845574263236235, 0.26642253654887965, -0.40550010200174513, 0.09875202337143676, 0.15850657032670765]], "intercept_": [-3.2264527515477233], "n_iter_": [52], "params": {"C": 0.1, "class_weight": "balanced", "dual": false, "fit_intercept": true, "intercept_scaling": 1, "l1_ratio": null, "max_iter": 500, "multi_class": "auto", "n_jobs": 4, "penalty": "l2", "random_state": 1618, "solver": "lbfgs", "tol": 0.0001, "verbose": 0, "warm_start": false}}