{"meta": "lr", "classes_": [0, 1], "coef_": [[0.5010295619590098, 0.14808449664281487, -0.7732981207654881, -0.03608599898666192, -0.011088834242811117, -2.2667962429776307, 0.4871886543496322, 0.7031448855346427, 0.20204769247577628, 1.991971758020475, 2.1757599586407976, 0.2929666770369577, 0.27123652387734065, 0.23118557286422298, -0.3393555966907918, -0.0016289811984483028, 0.04667162296506199, 0.07887893468214138, 0.32946820614407407]], "intercept_": [-3.1263981807682097], "n_iter_": [13], "params": {"C": 1, "class_weight": "balanced", "dual": false, "fit_intercept": true, "intercept_scaling": 1, "l1_ratio": null, "max_iter": 500, "multi_class": "auto", "n_jobs": 4, "penalty": "l2", "random_state": 1618, "solver": "liblinear", "tol": 0.0001, "verbose": 0, "warm_start": false}}