{"meta": "qda", "means_": [[0.18762972187629895, 0.09829582517938683, 0.4676560121765618, 0.06914546640574037, -0.06713415959991163, 0.0042400521852576645, 0.07583170254403131, 0.20596868884540118, 0.18493150684931506, 0.01989562948467058, 0.05903457273320287, 0.11528981455595998, 0.08974777125462274, 0.08311589475972747, 0.2318982387475585, 0.09992079023390073, 0.12720156555772455, 0.28065883887801696, 0.12002609262883235], [4.941350194994499, 4.585381091211995, 3.7871720116617986, 2.0795501874219076, 5.1256420935720985, 0.02040816326530612, 1.1949187838400666, 3.848396501457726, 3.248646397334444, 0.4822990420658059, 0.4702207413577676, 6.32424584994346, 4.885630987088707, 4.663612383729012, 7.115785089546043, 6.938745760694948, 6.541042681491408, 6.761661807580175, 4.2374010828821325]], "priors_": [0.7186218211648893, 0.28137817883511074], "scalings_": [[5.963370447117051, 1.2357170858767126, 0.46874482711328064, 0.3846412706894225, 0.2657255082142368, 0.25662800175471806, 0.21604314294360902, 0.1668476828495249, 0.11806468820450107, 0.09802625748639632, 0.07081714264349072, 0.055284156825786815, 0.04923708809973112, 0.045705597768349, 0.036386310369750346, 0.026551483979900436, 0.023202105346234448, 0.017633458921514848, 4.876690024936786e-30], [323.21757944676517, 42.4499603653817, 36.239297777565724, 15.66884288574789, 12.422704494926997, 7.650717319661832, 5.61428684921859, 5.054248694173758, 3.3795456690953007, 2.7310011607917857, 1.9992904971823862, 1.694188107879558, 1.050465800398729, 0.8623311935787139, 0.538245532169049, 0.36161578448972065, 0.2697012949644062, 0.017181834281733584, 2.7793357841132982e-28]], "rotations_": [[[0.37106065140550837, -0.09742327315245054, 0.12753104077500763, -0.015934640969963748, 0.15973657745123182, -0.014988403776323487, 0.11593073392597936, -0.03186019091888679, 0.1280525256907841, -0.028280214316839792, 0.07315859653782625, -0.022667965971039372, 0.17250655969074424, 0.013319827435361024, -0.09312480271796876, 0.8532540709397951, -0.07972688362892101, 0.006237328748989296, 6.367104857861986e-16], [0.22742082565644328, 0.10718644385024084, 0.612664555172005, -0.5871445582381231, 0.043471259265659846, 0.04633792043356719, 0.1743040102670635, -0.21724993286317718, -0.03842408379949035, -0.1692535485801217, -0.04585963588419605, 0.1639001102812966, -0.016823279606477087, -0.035932409333950824, 0.18972125179377228, -0.19113700249676602, 0.04315538330323201, -0.004928390796680034, -4.736776222626202e-16], [0.6878796901938634, -0.5687851286303295, 0.020461338710199617, 0.14678883308717533, -0.1695337791324235, 0.05420150299308503, -0.13850120416795791, 0.1820630492840304, -0.04228550874833646, 0.10668847447897789, -0.0051796540740934385, -0.010782839423550697, -0.06742403389838984, 0.02041313429664102, 0.05573911953372042, -0.273610080435464, 0.0320570021314366, -0.007554606319906807, -2.456207929730503e-16], [0.09367680896159757, 0.010558540915104303, -0.011703998646195327, 0.18645306566808734, 0.41397455137836486, -0.091242013535082, 0.03294340947839389, -0.574850458535993, -0.1160817336355495, 0.6233440485013945, -0.012795236728020066, 0.03941077713464626, -0.002791825680612932, -0.12167009917206728, 0.11024059482338919, -0.07629494607444856, 0.0867746613180725, -0.03013694457703773, 3.0989628482512807e-16], [0.1865178585995131, 0.08984836853857857, -0.19259676266963655, 0.25494964009197413, 0.14555705441842237, -0.12821742811606754, 0.30256625689796746, -0.1837755640851359, 0.6913398634436962, -0.35044150421031983, -0.11997829473164724, 0.11731176946191318, -0.002689267210019098, 0.007850485109343584, 0.12755349276195763, -0.193443987676031, 0.09395677179425249, -0.024393854634690564, -6.004657980453036e-17], [0.0017842639038233336, -0.0010205120481866635, -0.004664967979631612, -0.0015045809315223176, 0.007015166722869803, 0.0017441705460594257, -0.005692720376698876, 0.008401624945734118, -0.03137736541537221, -0.026782462501677807, 0.03442840755398611, -0.30163186117996793, 0.9203062812564287, 0.01758206932837079, 0.16735996891727292, -0.17497331202658659, 0.00701425849635181, -0.000752661963007981, -2.0810035257307707e-16], [0.08270020701056384, -0.06557638753381106, -0.10022949470856396, 0.2345573698012648, 0.3757235133441763, -0.047040135794921396, -0.10356732915820503, -0.21210401348930247, -0.5597768880094447, -0.632798791151171, 0.03677116701597151, 0.07413987255616594, -0.02496883074340612, 0.0328617306601149, 0.020223628514964957, -0.023768337053692787, -0.03361035402463026, 0.0161811666776697, -7.008632126317752e-16], [0.030486301872321018, 0.2152413312457254, 0.3761028521736656, 0.30444042363360835, -0.19459901188808681, -0.3588180035746921, -0.2144229997058101, -0.09639853425182944, 0.015556983667075138, 0.0007784260208039068, 0.041840526829204215, -0.2942105307803849, -0.12945984981569852, 0.5819399047857261, 0.18445464792946742, 0.04703180117545287, 0.06711880587240396, -0.10958080845884373, -1.6881919842557025e-16], [0.03798103902966864, 0.16160919120059553, 0.34014275289305157, 0.30986622011796616, -0.2391357099241228, -0.3327757451379288, -0.29314855774088916, -0.029706743186620956, 0.042111330212303996, -0.06066283038229474, -0.04696882476978935, 0.238223154618185, 0.1393674076589318, -0.5855893823941952, -0.2664755132118751, -0.019320805904015817, -0.0800021580402092, 0.03809027941607698, 5.280563650365389e-16], [0.0009483998880574883, 0.01698767402754278, 0.04295659818696525, 0.04251784422954918, -0.009073773997782576, 0.006678316683736696, -0.01355423072942186, -0.012342160166831134, 0.010830616552477312, 0.008696836383764372, 0.012342600952989679, -0.03443761259508192, -0.01265725894956947, 0.059858072745421806, 0.015150546962334418, 0.016969082951775682, 0.26659760291733886, 0.9585031620716371, 9.156059941126229e-17], [0.0034810048732586774, 0.020194219206366097, -0.0017680649225000275, 0.02223219797846305, -0.02477600616325015, -0.0412609076763275, 0.09122712801196345, -0.005234350575732342, 0.06516410508759529, 0.004702476394174598, 0.9748904526798733, 0.14999322321474676, -0.0051421918302297885, -0.008723465201066271, 0.01728077808243272, -0.09692735814338267, -0.03771797179416957, 0.004474271051833046, 9.680118890110892e-17], [0.20081007318284333, 0.2644479757586378, -0.11985582172812329, -0.08683339612950808, 0.06617604814323831, 0.0297607663091723, -0.14778148368826755, 0.03660573085005718, 0.01286525471546848, 0.029595022227953655, 0.007002667548624018, -0.022030660851581698, -0.0033191841820710867, 0.04464909457364523, -0.08618975437947703, -0.053578623102446155, -0.11248945192227136, 0.03260935575471166, 0.9009971649892992], [0.12747030919121013, 0.2343586198260722, -0.19774323930181037, -0.10129711023334931, 0.01737583342656643, 0.11496882841305893, -0.4742219056947998, 0.017448299865846128, 0.11386100256284089, -0.007270808202306441, 0.0209772988361209, -0.0010797532621127266, -0.09142026094791368, -0.17947044108050905, 0.6292164536709951, 0.09874037656963988, -0.3656508636838619, 0.10043725321694333, -0.19307082106913537], [0.18498048834488756, 0.1512893978589116, -0.14621326797527234, -0.24347499433598085, 0.024892165519875664, 0.06801608299736155, -0.2828932122049467, -0.20358689692518103, 0.10932987263258968, -0.1295700121434528, 0.12795984655491352, -0.5822248041004213, -0.14369270699329803, -0.2281605299814485, -0.3200054869796003, -0.03210553911821226, 0.3756509169443012, -0.10150329973933506, -0.15445665685530904], [0.17123162477982404, 0.34949235796875244, 0.12040602749908264, 0.16632530012964308, 0.33969089120006335, -0.10448194903108401, 0.3208374942841539, 0.6042146726297619, -0.16812045547346652, 0.09736461468968591, 0.004889512639663153, -0.21568084438365745, -0.1153744358589555, -0.23827707691759858, 0.1629796962470926, -0.05448088308500517, 0.14980295566382335, -0.03959359829077977, -0.06435694035637861], [0.17486122064784326, 0.30122342718383605, -0.13141389146260748, -0.07078165093486342, 0.11692777303797969, 0.08711634974547307, -0.3287443492879696, 