{"meta": "qda", "means_": [[0.18762972187629895, 0.09829582517938683, 0.4676560121765618, 0.06914546640574037, -0.06713415959991163, 0.0042400521852576645, 0.07583170254403131, 0.20596868884540118, 0.18493150684931506, 0.13160469667318983, 0.09849967384213959, 0.11528981455595998, 0.08974777125462274, 0.08311589475972747, 0.2318982387475585, 0.09992079023390073, 0.12720156555772455, 0.28065883887801696, 0.12002609262883235], [4.941350194994499, 4.585381091211995, 3.7871720116617986, 2.0795501874219076, 5.1256420935720985, 0.02040816326530612, 1.1949187838400666, 3.848396501457726, 3.248646397334444, 2.6264056643065388, 1.3227821740941275, 6.32424584994346, 4.885630987088707, 4.663612383729012, 7.115785089546043, 6.938745760694948, 6.541042681491408, 6.761661807580175, 4.2374010828821325]], "priors_": [0.7186218211648893, 0.28137817883511074], "scalings_": [[3.9786123663447315, 1.1453793907739451, 0.6942616307271579, 0.6381090267578154, 0.5655547919391648, 0.5560971865786982, 0.5331168150004638, 0.5005245521172546, 0.47437783694455216, 0.4707958312638551, 0.4594376586376894, 0.43849930611705423, 0.4331205982330336, 0.42950393017135896, 0.42732168265116977, 0.42160816513271987, 0.41600830731568333, 0.4136431854726097, 0.4], [195.8263879419839, 25.954354113762005, 22.307217583932566, 9.807794111625306, 7.85731306932684, 6.214736219029067, 3.7703799672983997, 3.441616205860014, 2.540281156426453, 2.1643989952724176, 2.0031403382336985, 1.5239867428292202, 1.3396597888403186, 1.0100352124518999, 0.8459187365763796, 0.7098132041835774, 0.673713157264408, 0.4102540809835227, 0.4]], "rotations_": [[[0.3710128465375888, -0.09713993431833762, 0.11235734361441083, -0.050674073905232, 0.14827017054757688, -0.08351265106531681, 0.10027281546983921, -0.039348694576546064, 0.03636956725875599, -0.1310636069735492, 0.028763817665567275, -0.02405827956164508, -0.029018373876793766, -0.1731655389368139, -0.009702240657150469, -0.09995389858195874, -0.855432570992967, 0.06763994040974754, -3.3328803646435145e-16], [0.22744485488426247, 0.10763946037616154, 0.48330136118322486, -0.700170021802015, 0.058233593690592174, 0.024368230850339706, 0.15031946690490444, -0.22225077765564327, 0.004540367045125849, 0.044227764922836095, 0.1758780254126142, 0.03510631000834641, 0.16478690366248283, 0.014110865493145386, 0.04125388477638081, 0.18849853048254323, 0.19116291545220004, -0.04018811587207857, -5.089320028272753e-16], [0.6877357405792857, -0.566441559272618, 0.062274559159485404, 0.15350092625513628, -0.11634093327117326, 0.12863745400623294, -0.1165047633144649, 0.18806255963500473, -0.01478640228437211, 0.03930751644402559, -0.11400996971960022, -0.012593782096325522, -0.008120820935417467, 0.06798520329217311, -0.02271805945835135, 0.06091308109198365, 0.27384847720464733, -0.029514904965886792, -2.93534059153638e-17], [0.09366865238805606, 0.01048437675013629, 0.0027680184334651775, 0.16383817307492163, 0.32791637588466455, -0.2813006137116026, 0.012751809017799567, -0.573302140044454, -0.08332505138013095, 0.11738870523429609, -0.6081922030575478, 0.13063220897967429, 0.028590880602244278, -0.0004408932127557656, 0.12697340439824412, 0.100333893469251, 0.07531254402121577, -0.0916736894817898, 2.3340567015799185e-16], [0.18649726316680823, 0.0885917581067516, -0.15709246711638153, 0.27167922708783615, 0.11872147135044489, -0.15717006906685096, 0.30111085817664734, -0.18406753902762749, -0.10507832712614844, -0.6732602314135477, 0.38396566482298106, 0.07368293463455865, 0.12321783325432308, -0.0018941653078912296, -0.0017810017057061688, 0.1236619792059453, 0.197661432674686, -0.09383750519991495, -6.228917329271876e-16], [0.001782300115003656, -0.0010818107818628838, -0.004871710681534443, -0.0007352833071045247, 0.005159832932421241, -0.0027793517033651107, -0.006866673925061386, 0.007861698903075193, 0.010945805114309568, 0.030387878899277975, 0.022908358083833652, -0.06445193742879632, -0.30488286004864273, -0.9189587973710988, 0.002551973100693811, 0.16028709348075537, 0.17590971375167583, -0.004946901899303747, -2.1337389395382442e-18], [0.08269252201452928, -0.06518638003060873, -0.0634247247045913, 0.2378389836091404, 0.28656959027333506, -0.23928981032273403, -0.1375232930446558, -0.21808511681526527, 0.12080415198388803, 0.5591637588244135, 0.6008956095874142, -0.14944408351723834, 0.08145434618253371, 0.02972313547640309, -0.0371024016647982, 0.0312690808924333, 0.022625396646054917, 0.03762631522432716, -4.174806635672042e-16], [0.0307166741579273, 0.2211425797288352, 0.42770622883135745, 0.24334103641048796, -0.266631986223809, -0.19255245272974367, -0.08947680110950346, -0.05843373953770303, -0.2119523719886, -0.0027164855633658056, -0.026437426918203007, -0.16658309307875283, -0.2852320491611295, 0.12640876030394993, -0.5978328894795414, 0.21762341894837336, -0.05257890409456382, -0.10084690646036484, -2.8403969661453616e-16], [0.03818553488212945, 0.16718363988830115, 0.3950032134917585, 0.2566887759197881, -0.2978317190237127, -0.151740695460446, -0.16267155416039045, 0.014961348991690538, -0.2863448600342925, -0.020335513311591887, 0.034972985010932135, -0.23491431322694237, 0.24505863187232182, -0.10921149382151144, 0.5722362330008656, -0.2515116130738519, 0.02032535138862543, 0.0913171598839649, 3.5767084599463404e-16], [0.012434929719047494, 0.06457888044037034, 0.24920555055761806, 0.17423536830521802, -0.23188077986477493, -0.08612065253472048, -0.17198858644608844, -0.05722826559455152, 0.44853223872335374, -0.011782180193813352, 0.10662842700551209, 0.761785434728841, -0.05330527418258526, -0.047341235487723045, 0.041665413331729, -0.0965010444149149, -0.003959813650864901, -0.0044178568100363734, 2.0659292226694908e-16], [0.005320063013319063, 0.05279258373126382, 0.09302421547710518, 0.0927763478255611, -0.1025871350128152, -0.017520649926874295, 0.07411268176796296, -0.10141716919324978, 0.7890058004641535, -0.1598944403329943, -0.15921942848214676, -0.5108267126629009, 0.10946488329480805, 0.015052867541957244, -0.0021273726471754476, 0.0392401332315696, 0.05926995981999773, 0.04070535599177543, -7.751830530648088e-17], [0.20081742746977957, 0.261956670473492, -0.13547915554278894, -0.06414100174737633, 0.03176178308503403, -0.024971825881164637, -0.1611428818079734, 0.034895109446508726, 0.012148844650065032, -0.015394734482383631, -0.03183061132321861, -0.004882293823762701, -0.021749792851235548, 0.0034888916665999376, -0.046996201904474774, -0.08492782948640715, 0.05255014659466466, 0.11781198059978137, 0.900997164989299], [0.12748688274392878, 0.23205615856199902, -0.20133063245903562, -0.05138085871947613, -0.025178556960986555, 0.0444717324778554, -0.4919020251030867, 0.01860884281857717, 0.0030779084990308955, -0.11769005655838036, -0.0008228630439044756, 0.016059157268202652, -0.005705681808133887, 0.08889266030322775, 0.18682952658247565, 0.6273754717144867, -0.10738246329826118, 0.377400828598186, -0.1930708210691352], [0.1849537133179954, 0.14868289813785743, -0.17444621041267808, -0.1992533522369887, -0.036141340992020814, 0.008573910772140708, -0.30680609608966364, -0.20950998201176776, 0.05000538143155953, -0.11648382057104797, 0.1126519256425904, -0.13982101130948116, -0.5814574721656198, 0.15836030229094222, 0.21258074321767878, -0.31779629898919115, 0.03813542627065426, -0.3888079504187041, -0.15445665685530838], [0.1712951967946195, 0.34857081907860715, 0.10859067167278807, 0.10295319168056065, 0.3256096158919626, -0.22412815494764005, 0.31088749652723685, 0.5938010882437639, 0.10499261218180003, 0.15843796506003477, -0.09127069396495255, 0.048514007210413254, -0.2191875378118848, 0.1174938267002788, 0.23933513980446972, 0.15533860748098305, 0.05665379094737062, -0.15439690563613917, -0.06435694035637846], [0.17488090480647187, 0.29860448250645394, -0.14525576329926868, -0.047893946609008864, 0.0812805326843948, -0.013881388649571013, -0.34843339726213013, 0.1793852355559769, 0.015278087343251673, 