{"meta": "qda", "means_": [[0.0034526824043483386, 0.021418501611170305, 0.02621005639097728, 0.13815789473684406, 0.06529605263157895, -0.014262218045112187, 0.005592105263157895, 0.07467105263157894, 0.09967105263157895, 0.0890625, 0.06356907894736842, 0.09901315789473684, 0.006829947446858568, 0.007218567251461514, 0.02605341478696805, 0.006975179425836839, 0.018689404432132878, 0.018209368908382203, 0.00860100619194957, 0.040241228070175585], [4.398823655224607, 2.675154216147172, 2.962050599201064, 3.3991744340878887, 4.929161118508655, 2.587407266501805, 0.07030625832223701, 3.721970705725699, 4.241810918774966, 3.689214380825566, 2.70306258322237, 3.0245006657789615, 3.021803020711577, 3.93964097253049, 3.878809206771948, 2.5240043578259233, 2.957810638447013, 2.7797553878778976, 2.9799483042217845, 3.3233022636484666]], "priors_": [0.6182003050330452, 0.38179969496695476], "scalings_": [[0.5611145267975948, 0.16227452676517434, 0.1477212336088427, 0.1161946497658425, 0.09952309084457689, 0.05782230062421562, 0.050509715483607144, 0.03111838829520552, 0.03009534311752883, 0.019695290910222162, 0.014558094062350948, 0.012229719984774751, 0.010757554728872168, 0.007593210886216489, 0.004123656983586515, 0.003158132229760647, 0.0018623450543814614, 0.0017005618153963103, 0.0011196674820363596, 1.7085801783439123e-33], [726.3507847080758, 168.01255909689627, 18.187106664935648, 9.861999296583917, 5.906961562785944, 3.9212625963765073, 3.514091302857057, 2.1039525563004307, 1.5609450506622915, 1.3053015108869395, 0.7802100212928331, 0.5894564882566453, 0.48325985379990904, 0.3519943884498143, 0.2942894077147214, 0.2824904811739384, 0.1878017903401263, 0.10507177218589188, 0.048557536848977366, 2.904379733844349e-28]], "rotations_": [[[0.1832701765359322, 0.09768941766967015, 0.0028270539636123335, 0.09485233159911671, 0.05060269565904584, -0.22879168090676477, 0.002088168297640155, -0.18652061775918485, 0.02551132992057788, -0.10639767968949006, 0.27264552002117304, -0.02606610032074041, 0.011870013778251507, 0.34861344702683195, 0.227841730799928, -0.5858812805997704, 0.4040064033449854, 0.30179030398650164, -0.006120199865084639, -2.5061837464818282e-17], [0.26484046985134824, 0.11299952980183917, 0.048336266156606356, -0.01979539039107276, -0.04088106757119179, 0.07553427463226388, -0.013572137968504917, 0.12135006436776975, -0.017154522893304776, 0.03512656198375706, -0.0668787801656403, -0.10308640408332921, -0.01550856370363863, 0.1700980599326234, 0.0033742829671232766, 0.32925526112570774, -0.2702807649675569, 0.8152043479281804, -0.015614744697893342, -1.554376549274961e-16], [0.17738062749453887, 0.2048685804695633, -0.016626019691973026, -0.014833532220446727, 0.08726938711461879, 0.08374225215992141, 0.03815216790862132, 0.8532047269721827, 0.12969877918740771, -0.1070281812221339, 0.16982084498761324, 0.2477446063209864, -0.0077588400962590245, 0.05678514429833892, -0.13065796979437044, -0.17850707227873958, 0.008770733171552456, -0.09969129219056964, -0.03600401173922864, -8.086197084008725e-17], [0.6486299427978037, 0.2507793440289398, 0.30676109556540904, -0.03375256115192769, -0.26068218005963384, 0.4469062855995762, 0.01859287336868781, -0.20209388341345966, -0.13008499719605132, -0.014435989867577239, 0.038070920386752236, -0.11154729252300166, 0.01373525472925986, -0.1264751994557873, -0.009559206417509219, -0.07303422744704866, 0.005084976472700481, -0.2439884930125062, -0.009502812949729555, 1.3952774431053402e-16], [0.3553684798492043, -0.38433010814618235, -0.25011678407520466, -0.784149378275981, 0.16459964510676886, -0.1149788050288109, -0.03403695826160989, -0.029566833810299255, 0.03481869512059702, -0.03608058876304934, 0.01819880159630005, 0.025393682674888746, -0.00698570289094365, -0.035365469290422516, 0.010459573288433435, -0.0271841690681022, -0.003832883058807829, -0.019982001045401182, -0.012530840096628873, 6.484177876690717e-19], [0.1287772441564859, 0.03604352555675513, -0.024649570470019883, 0.026670099684152973, 0.021719510016361333, -0.12974056485428292, 0.020678194058704615, -0.09396880699057356, -0.015334898482249117, 0.12170665932843275, -0.1477824710970764, -0.012950526664759637, 0.06722016856856464, 0.7884336491447757, -0.4129663133406113, 0.15743134969869085, -0.06946911367569678, -0.2865455278363852, -0.09367494981914466, -1.432716224731703e-16], [0.011921177595681306, 5.6577000596042676e-05, 0.020709281325966982, 0.035779961830124024, -0.022766409973164474, 0.002174492069738062, -0.9973840231009052, 0.03491021875002154, -0.007544714589047561, -0.0014145254315351828, -0.0033298894685042575, 0.0027951723678435246, -0.001977157770880248, 0.012958110606223686, -0.022640335497358506, -0.020348789280369352, 0.0018933401158008787, -0.021228115810548488, -0.0012764727780137845, -1.1419179888596245e-16], [0.3591970217870018, -0.7302494664260252, -0.13826955922758183, 0.5449859769571623, -0.061117668566892186, 0.03135133994528927, 0.025405061069894506, 0.09209669810608315, -0.012587841133724263, 0.026833231781133976, 0.02779584541892736, 0.06691162232713055, 0.005295199409783842, -0.03684140804714771, -0.011991056650741903, 0.006668396041164329, -0.003956414208321546, -5.2101688351541275e-05, 0.004695500317760316, 1.0371884969457126e-17], [0.04096404418244737, 0.15078645909065513, -0.40263948160703045, 0.10674326173940164, 0.3900090490259044, 0.2908516444251792, -0.018606077754772635, -0.07902826969815369, 0.07330412033380573, 0.1709755906627553, 0.055261477754877705, -0.11033749631001451, 0.7087824248100253, -0.07256939268891578, -0.0020639485017264337, -0.018696069179320797, 0.0008836407919082731, 0.01706234500804489, -0.025698898041186035, -6.670958151675258e-17], [0.04442861073232303, 0.14666445334193925, -0.3492159705615666, 0.0989267230353666, 0.37761555237752215, 0.310284721889934, -0.016889753667816997, -0.15686583817996988, 0.013526110772223819, 0.286917105738206, 0.20108927697943096, 0.13360612625264437, -0.6580307696185117, 0.04336986647824271, 0.02777773056556338, 0.05765865452184753, -0.0050785582760330475, -0.023241669617171695, 0.025993705379261604, 2.7059455577335608e-17], [0.013005831705580676, 0.06471898029276993, -0.2720823973038971, 0.08559697170413848, 0.07931415514681839, 0.2152905609537655, -0.005977085920141041, -0.12480871961212119, 0.13018191046756997, -0.82663171883162, -0.3546992644914763, 0.07073983656217135, -0.09571627731701303, 0.07071866984741176, -0.0008224537861694385, 0.02565530304076485, 0.010440740113850249, 0.002181234176875522, -0.0038120343179849077, -8.660453673598918e-17], [0.0017420544938638988, 0.1751712678823447, -0.6514715887876974, -0.01923168562969921, -0.7210761473809115, -0.07746953218212647, 0.0025734769240065574, 0.022728198114802138, 0.02643149632456889, 0.10392622725138187, 0.07263743688021226, -0.018821753698955723, -0.011883812766503285, -0.020813840553536876, -0.004819325142354916, -0.014050584764585771, 0.004890352672967229, -0.007795176736663326, 0.006470273181409039, 4.481974291311484e-17], [0.14005859921108602, 0.10410461675992216, -0.026972240170922913, 0.06667777174741468, 0.07656935343801953, -0.21548632160038578, -0.000801199096694104, 0.010647735580696836, 0.08517950371049895, 0.002425739431909737, -0.054982710453043496, -0.10500898228465237, -0.03474786601308246, -0.11882878366651614, -0.06240924959818307, 0.11748463691486026, 0.12740033066033596, -0.029552282399267035, 0.0979073964571434, 0.9115560589054151], [0.12744905840269935, 0.11314293671352951, -0.03563364721762814, 0.1196584199114493, 0.1203093177754107, -0.34812043604883497, 0.0047096063263285855, -0.1323153750958366, 0.1889327655112612, -0.1392895544699629, 0.22601084961176507, -0.2581636568023919, -0.07205442329318068, -0.22261511355009428, -0.3979037830092629, -0.24740865996401357, -0.525023413433873, -0.020960291726037444, 0.23967948905739045, -0.14671841186555107], [0.18935933757181325, 0.1402988079634503, 0.014568799513879009, 0.09818407096818194, 0.057136120340786536, 