{"meta": "qda", "means_": [[0.5397283531409153, 0.5290322580645134, 0.7436757215619695, 0.21511035653650254, 0.25172608941709557, 0.0025466893039049238, 0.18879456706281833, 0.36825127334465196, 0.3419354838709677, 0.0, 0.024448217317487267, 0.2744536940686829, 0.3018817204301055, 0.30506250964655535, 0.3725297113752056, 0.28333550999084905, 0.331994906621399, 0.3983446519524618, 0.25857385398981325], [7.725968436154945, 9.217120994739368, 4.0993543758967, 2.9555236728837877, 6.972740315638452, 0.03730272596843615, 1.9842180774748923, 5.256814921090387, 4.2926829268292686, 0.0014347202295552368, 0.6255380200860832, 8.747466098949408, 6.668579626972733, 5.7941828616147095, 10.353228120516494, 8.914799690983333, 9.669942611190805, 8.965925394548064, 5.66284074605452]], "priors_": [0.894185516927281, 0.105814483072719], "scalings_": [[15.729621412786521, 3.39809571040185, 1.6854962121064618, 1.2118094904414378, 0.8850778876881246, 0.7786887110152685, 0.5306475404704807, 0.4282517172423104, 0.3558581317762214, 0.3053340559741298, 0.18638348476684474, 0.13246971770354474, 0.096404673640131, 0.07369424770415212, 0.05108828157216383, 0.03016972655085523, 0.001966622607545598, 1.576969460392384e-29, 4.199180655446319e-34], [497.53891134052213, 73.02965379418411, 54.56888722189719, 18.201407152644343, 12.269394354944653, 11.381970981679563, 6.490434992286834, 5.939632331528173, 5.29131180044679, 4.35938713560252, 3.185374187378011, 2.4597801642466313, 1.460430642690839, 0.9427543061061784, 0.7089124382244001, 0.27070671645865435, 0.03313063291195557, 0.0014263827061885659, 2.258764916953153e-29]], "rotations_": [[[0.455877538316512, 0.13220610325793133, -0.134047625425698, -0.0858093636154704, 0.0013553615943546244, -0.01688778674851642, 0.09104769282634273, -0.017734470757883848, 0.007916109569480466, -0.1105668936808036, 0.04165011087631062, -0.1259124035617809, 0.02058524111933355, -0.09918302088998249, -0.8357334811807867, 0.030629410057307724, 0.030789144152156955, -4.3572483172325e-16, -2.327998204888514e-17], [0.24498421198176512, -0.2529014148478005, -0.7367491368883788, 0.25297405190157524, 0.3144750125049696, -0.25333241910696175, -0.023132044342755016, 0.12623322652737107, -0.1573392395558832, -0.028589008913548326, -0.17202622656000938, 0.06145425467938452, -0.04738070297296518, 0.03254238034955974, 0.16483037351439533, -0.011263761536359326, -0.012008493809882202, -2.0089812252183445e-16, -3.4651224911813536e-17], [0.6361248566764909, 0.5734143411030341, 0.011078198858842814, 0.0688131993378753, -0.010972303234371233, 0.2251697933605646, -0.08813308871839354, -0.05731194786885992, 0.15124517828415904, 0.12460305733947334, 0.005952160642893861, 0.10014168454259505, -0.07138412543721265, 0.07581329524704822, 0.37442101468971367, -0.009098137649016163, -0.01507371103075749, -9.540137043725821e-17, 3.269978263879132e-17], [0.09255983873171127, -0.054891756766854455, -0.03338191760168893, -0.841378124585677, 0.2333602183979768, -0.2993992055491193, -0.1858217907587572, 0.10972462593995524, 0.26198057454510193, 0.01841538689881679, -0.017501955786408396, 0.0845041064286016, 0.0006775887992133446, 0.052318326995535576, 0.09709294088932865, -0.004436244217800131, -0.010833595595598886, -2.967524355293885e-17, 3.4049403279176935e-18], [0.2108963762141452, -0.05021043415731631, 0.15160785937382837, -0.10614181783066136, -0.32223198246099355, -0.19127984122306188, 0.28964727035205196, -0.004090633904634995, -0.20026669645896508, -0.7312940662537812, -0.24230916142468395, 0.015921102582123092, -0.0607862901572942, 0.14065443863662616, 0.18896875391862158, -0.030651192912303272, -0.020605765403141036, -2.3169251536880117e-16, -1.0122913528764663e-16], [0.0021268680572484105, -0.0030069611484443443, 0.004118867105775876, -0.0013032908744432536, 0.00209408618208156, 0.007604634241859728, 0.0033992661923010507, -0.002194094426948329, -0.018357125445143223, 0.016443896823175087, 0.02058399158825046, -0.01341653108190985, 0.011826681295123964, -0.00156013209722074, -0.03570742376097488, -0.01416873491206043, -0.9985289274162773, -1.777322498654236e-15, 5.446657009505754e-16], [0.10085323218973166, 0.006894728022610749, 0.03635033773191601, -0.33773012468699526, 0.026493338210968102, 0.18484705003076035, 0.1611663679472866, 0.010167106882681423, -0.8351102452643189, 0.32088803856074477, -0.011960938462973287, -0.031848999679024353, -0.012008677319749956, -0.08439077300779116, 0.0634272749367487, 0.01337326367568887, 0.021124745215407807, -1.3299591337876592e-16, -2.4805761991107076e-17], [0.019767323106466114, -0.1692510397678468, -0.19488090826368212, -0.09044846813433498, -0.38161806498705514, 0.06643165435795789, -0.412406968308839, -0.2609451572753129, -0.04552606361716044, -0.0039577150885298455, 0.19177645410257238, -0.27507543749819413, -0.6386522586148425, 0.1097195026003307, 0.007160289002729947, 0.045661030537996625, -0.0014775207560185047, 3.0407044732224686e-16, -1.3854354837067083e-17], [0.03612307304702002, -0.08043258005275393, -0.1980819983684998, -0.07531337936755829, -0.3675367633107754, 0.1709644997609712, -0.5264169926290211, -0.17460615389528109, -0.0947526399350797, -0.10789120957244391, -0.1177146309980802, 0.11409830938170148, 0.644659449730517, -0.10530724084264821, 0.006326658724033986, -0.03443655667998789, 0.002791096618478658, -3.4387345684205867e-16, -2.872492171655045e-17], [2.524354896707238e-29, -5.293955920339377e-23, 0.0, 0.0, -1.3877787807814457e-17, 0.0, 0.0, 0.0, 2.7755575615628914e-17, 0.0, -5.551115123125783e-17, 5.551115123125783e-17, -1.2836953722228372e-16, -5.551115123125783e-17, 1.3877787807814457e-17, -1.6653345369377348e-16, -6.661338147750939e-16, -0.00010082659550689987, -0.9999999949169992], [0.0027579702381090193, -0.005955144540598456, 0.00681132465459905, 0.0029615881475432396, -0.013367392389300401, -0.0043590496555288355, -0.01276195117301459, 0.012199866517006688, -0.014852371689367155, 0.04471996702190845, 0.02822450855554316, 0.009483178854307883, -0.04296725077046186, 0.07865542168409086, -0.05464440434806498, -0.9924639684433213, 0.016785426067780607, -3.030078139885053e-17, 1.3467256026267501e-16], [0.1965070450519645, -0.2891250825543586, 0.14437702372767341, 0.027419229889434175, 0.07900234197394213, 0.08863497761639359, 0.013297064719665009, -0.05020356522703061, 0.060124319743827724, 0.011548948476817672, 0.049330130813938944, -0.07704767314688102, 0.03717628639448588, -0.08785307215603495, 0.06049263331420669, -0.010460281825865484, 0.00254506778573367, -0.9024448855092236, 9.099044590119564e-05], [0.11678250937642819, -0.2978393016186668, 0.2028783243248492, 0.025164217263207025, 0.2496722452880659, 0.35312138345619676, -0.1804178603745274, -0.042939638429376425, 0.004947360918515321, -0.1936769071823796, -0.12896945952704542, 0.5501451524357007, -0.30467030844957094, -0.38576657851516305, -0.07045266226621297, -0.020408521557055446, -0.008885060387886288, 0.17466675203404344, -1.7611054045317126e-05], [0.1798959928751167, -0.20339378438393413, 0.18847051257265862, 0.09586712973244355, 0.31313661780829094, 0.019657102734958395, -0.15820160403262987, -0.017822163275065025, -0.1633847367221358, -0.22675218778298023, 0.6726322039036764, -0.005377886559543459, 0.20125919204440726, 0.3983874199954306, 0.03138930343989531, 0.03350737297290573, 0.015325950171779273, 0.16011118936453983, -1.6143466208301918e-05], [0.14688698989973495, -0.3330344045775589, -0.1732720289164291, -0.088637516357113, -0.4213144760763398, 0.04997263156090595, 0.4694169854075512, -0.11757459827879413, 0.20887889277684069, 0.2944767140700998, 0.2534094626796974, 0.4358188996547948, 0.058967849139960074, 0.14563244467988884, 0.011566132354579636, 0.028828076843322968, 0.0020958107193693527, 0.07277781334751807, -7.337939185538072e-06], [0.14879532800448936, -0.34736189355046665, 0.13107623668089075, -0.03063079918490476, 0.14890469872022627, 0.37518253117439143, 0.05473212594900497, -0.10314016057358018, 0.15608499560001976, 