{"meta": "qda", "means_": [[0.5397283531409153, 0.5290322580645134, 0.7436757215619695, 0.21511035653650254, 0.25172608941709557, 0.0025466893039049238, 0.18879456706281833, 0.36825127334465196, 0.3419354838709677, 0.024448217317487267, 0.2744536940686829, 0.3018817204301055, 0.30506250964655535, 0.3725297113752056, 0.28333550999084905, 0.331994906621399, 0.3983446519524618, 0.25857385398981325], [7.725968436154945, 9.217120994739368, 4.0993543758967, 2.9555236728837877, 6.972740315638452, 0.03730272596843615, 1.9842180774748923, 5.256814921090387, 4.2926829268292686, 0.6255380200860832, 8.747466098949408, 6.668579626972733, 5.7941828616147095, 10.353228120516494, 8.914799690983333, 9.669942611190805, 8.965925394548064, 5.66284074605452]], "priors_": [0.894185516927281, 0.105814483072719], "scalings_": [[14.256659271507854, 3.15828613936167, 1.6169465908958196, 1.1906285413972966, 0.8965700989193098, 0.8008198399137407, 0.5775827864234331, 0.4854265455180796, 0.4202723185985998, 0.3748006503767165, 0.26774513629016095, 0.2192227459331907, 0.1867642062761179, 0.16632482293373696, 0.1459794534149473, 0.1271527538957697, 0.10176996034679103, 0.1], [447.885017559069, 65.82668838692113, 49.21199794751688, 16.48126600710106, 11.142454898000722, 10.343773846733201, 5.941391239505222, 5.4456687257686625, 4.862180610718008, 4.023448379611008, 2.966836257700068, 2.313801692656649, 1.4143874969451213, 0.948478851307549, 0.7380211892350821, 0.3436340960251276, 0.129817485792515, 0.1]], "rotations_": [[[0.4558775383165121, 0.1322061032579311, -0.1340476254256978, 0.08580936361547051, -0.0013553615943545918, 0.016887786748516403, -0.09104769282634309, 0.01773447075788377, -0.007916109569479534, 0.11056689368080323, 0.04165011087631075, -0.12591240356178096, 0.020585241119332433, -0.09918302088998267, 0.8357334811807864, 0.030629410057313608, 0.030789144152157052, 0.0], [0.2449842119817648, -0.2529014148478001, -0.7367491368883796, -0.25297405190157535, -0.3144750125049714, 0.2533324191069599, 0.023132044342754947, -0.12623322652737398, 0.15733923955588097, 0.028589008913547848, -0.17202622656000965, 0.061454254679384826, -0.047380702972964615, 0.032542380349559336, -0.16483037351439533, -0.011263761536360682, -0.012008493809882215, 4.30434394055077e-18], [0.6361248566764912, 0.5734143411030335, 0.011078198858843091, -0.06881319933787558, 0.01097230323437301, -0.22516979336056456, 0.08813308871839379, 0.05731194786886315, -0.1512451782841591, -0.12460305733947238, 0.005952160642893958, 0.1001416845425955, -0.07138412543721179, 0.07581329524704741, -0.3744210146897139, -0.009098137649018985, -0.015073711030757463, -1.77091140132506e-18], [0.09255983873171122, -0.05489175676685468, -0.03338191760168949, 0.8413781245856774, -0.2333602183979787, 0.29939920554911725, 0.1858217907587578, -0.10972462593994992, -0.26198057454510365, -0.018415386898815736, -0.017501955786408875, 0.08450410642860114, 0.0006775887992142267, 0.05231832699553583, -0.09709294088932868, -0.004436244217800631, -0.010833595595598752, 6.338261473218269e-17], [0.21089637621414511, -0.050210434157316325, 0.15160785937382934, 0.1061418178306616, 0.3222319824609923, 0.19127984122306352, -0.2896472703520538, 0.004090633904629694, 0.20026669645896888, 0.73129406625378, -0.24230916142468406, 0.01592110258212332, -0.0607862901572944, 0.14065443863662574, -0.18896875391862164, -0.030651192912304198, -0.020605765403141164, 3.015771030784696e-17], [0.0021268680572484075, -0.003006961148444344, 0.004118867105775982, 0.001303290874443336, -0.002094086182081458, -0.007604634241859593, -0.003399266192300966, 0.0021940944269478505, 0.01835712544514337, -0.016443896823175333, 0.020583991588250566, -0.0134165310819105, 0.011826681295124358, -0.0015601320972207207, 0.035707423760975, -0.014168734912060433, -0.9985289274162772, -3.049344450205179e-15], [0.10085323218973163, 0.006894728022610614, 0.03635033773191575, 0.33773012468699476, -0.026493338210966985, -0.1848470500307615, -0.161166367947286, -0.010167106882697178, 0.8351102452643172, -0.3208880385607493, -0.011960938462973284, -0.03184899967902363, -0.012008677319749864, -0.08439077300779128, -0.06342727493674896, 0.013373263675687978, 0.021124745215407463, 1.5240348351509072e-16], [0.019767323106465985, -0.16925103976784675, -0.19488090826368237, 0.0904484681343347, 0.38161806498705647, -0.06643165435795484, 0.412406968308838, 0.26094515727531287, 0.04552606361716545, 0.00395771508853028, 0.1917764541025738, -0.2750754374981852, -0.6386522586148472, 0.10971950260032616, -0.007160289002730368, 0.04566103053799392, -0.001477520756018726, -5.198113043314916e-16], [0.03612307304701995, -0.08043258005275392, -0.19808199836850018, 0.07531337936755782, 0.3675367633107775, -0.17096449976096798, 0.5264169926290211, 0.17460615389527953, 0.09475263993508351, 0.1078912095724441, -0.11771463099808037, 0.11409830938169235, 0.6446594497305193, -0.1053072408426435, -0.00632665872403378, -0.03443655667998505, 0.00279109661847896, 3.791424851693848e-16], [0.002757970238109014, -0.005955144540598463, 0.00681132465459903, -0.002961588147543265, 0.013367392389300447, 0.004359049655528971, 0.012761951173014605, -0.012199866517006979, 0.014852371689366834, -0.04471996702190846, 0.02822450855554346, 0.009483178854308561, -0.0429672507704568, 0.0786554216840972, 0.054644404348072835, -0.9924639684433206, 0.016785426067780978, 1.8260592821564709e-16], [0.19650704505196423, -0.28912508255435876, 0.14437702372767322, -0.027419229889434238, -0.07900234197394132, -0.08863497761639397, -0.01329706471966487, 0.05020356522703187, -0.060124319743826544, -0.011548948476817164, 0.04933013081393908, -0.07704767314688156, 0.03717628639448502, -0.08785307215603522, -0.060492633314206165, -0.010460281825866375, 0.002545067785729292, 0.9024448900963521], [0.11678250937642798, -0.29783930161866723, 0.20287832432484917, -0.025164217263207167, -0.24967224528806292, -0.35312138345619903, 0.1804178603745281, 0.04293963842937653, -0.004947360918513912, 0.1936769071823804, -0.12896945952704592, 0.5501451524357049, -0.3046703084495605, -0.38576657851516466, 0.07045266226621316, -0.020408521557059203, -0.008885060387885604, -0.17466675292187478], [0.1798959928751165, -0.20339378438393416, 0.18847051257265873, -0.0958671297324436, -0.31313661780829083, -0.019657102734960394, 0.15820160403262962, 0.017822163275062315, 0.16338473672213716, 0.2267521877829796, 0.6726322039036768, -0.005377886559545925, 0.20125919204440468, 0.39838741999543203, -0.03138930343989575, 0.03350737297290957, 0.01532595017178012, -0.16011119017838485], [0.14688698989973467, -0.3330344045775592, -0.1732720289164293, 0.08863751635711295, 0.4213144760763398, -0.04997263156090352, -0.46941698540755183, 0.11757459827879753, -0.20887889277684013, -0.29447671407009934, 0.2534094626796969, 0.43581889965479437, 0.05896784913996494, 0.14563244467988942, -0.011566132354579782, 0.02882807684332431, 0.002095810719369619, -0.07277781371744764], [0.14879532800448914, -0.3473618935504669, 0.13107623668089055, 0.030630799184904318, -0.14890469872022355, -0.37518253117439276, -0.05473212594900442, 0.10314016057358352, -0.15608499560001882, -0.14527486642684348, -0.5025868895428364, -0.33212645940435465, 0.07779505269384943, 0.4589715707189099, 0.035432296567642074, 0.01938801097763646, 0.000347429981286024, -0.18922231566536393], [0.25202430828309663, -0.25873162259421, 0.09852524251818548, -0.01315326302670039, 0.016960700689795466, 0.11024620290418474, -0.14518249869177274, 0.10711634129039971, -0.1389835339945514, -0.04241558279692024, 0.15549689766344946, -0.4804927843340478, 0.12999554219660991, -0.6086731830791016, -0.24864252868511136, -0.06733115815025914, 0.00391916384303636, -0.29111125486979095], [0.2618599578624575, -0.1653582469198459, 0.42288793533722885, -0.23757505665360532, 0.19966924018584445, 0.5494161433155053, 0.2922859966828144, -0.19509985085799353, 0.11298483367149595, -0.3438209403451228, -0.18510883421699503, 