{"meta": "qda", "means_": [[0.13805315433344728, 0.16131283833041155, 0.106685841031515, 0.3073195700392586, 0.2264118751066371, 0.15179434681226575, 0.002729909571745436, 0.20696126940795087, 0.38218734004436106, 0.3550588636751408, 0.07046579082067907, 0.11862883161398212, 0.17852212622730199, 0.16416993687083756, 0.11161917761473693, 0.15331728247612836, 0.13935430055545744, 0.20688543858651878, 0.2967070465790821], [26.5545354676121, 13.945259793762956, 19.258351316357373, 10.652084592145002, 14.801208459214502, 19.70835850956694, 0.37643504531722055, 12.817522658610272, 25.670090634441088, 21.720845921450152, 0.8622356495468277, 28.479825945799675, 37.070173029387576, 29.872598187311258, 21.45208459214499, 32.2239901532954, 24.635354145686485, 20.464652567975843, 30.9595166163142]], "priors_": [0.7798030867482704, 0.22019691325172963], "scalings_": [[32.79617189637202, 1.6976081904009632, 1.0243896210248555, 0.8349132085341968, 0.583041286786363, 0.49389599125240646, 0.4602124383898689, 0.3867371920673609, 0.33402669856213735, 0.3086785943955474, 0.28127015413147827, 0.269234824837574, 0.2582365193285864, 0.24208292537379372, 0.2350703562880988, 0.21673338898394504, 0.20504230234657386, 0.20158302064735908, 0.2], [19743.626564111506, 2041.9526553400142, 357.43376763936334, 73.85359168222575, 61.9943753794947, 34.538164179493435, 29.103498961606658, 23.33366123968537, 19.217250123061874, 13.134724843938386, 9.045986726364822, 5.834485059392035, 4.759523388106639, 4.401625260441698, 2.3289786238095695, 2.1252982570554253, 0.6764183745467323, 0.4922989100862265, 0.2]], "rotations_": [[[0.24464049160789914, 0.1575627101411782, 0.16050853880866883, 0.006718427581853552, 0.10658540603236534, -0.07583455583215229, -0.4762320662068497, -0.34980948851679167, 0.7064704167411874, -0.023142994721022835, 0.029777962876434163, -0.1342092736881466, -0.028232651941481123, 0.041701064728629306, -0.01933353921845896, 0.040833105660000056, -0.011280201010249428, 0.001602929552058936, 1.9364540223448877e-15], [0.12241831568258121, 0.3227676763911504, 0.0402172281069023, -0.16166130820802865, -0.051172735949967074, -0.03864790820827543, 0.09654851408766323, -0.015147034278365681, -0.06720727544000904, -0.07041080105689132, 0.04123777926754321, 0.08636380416988869, 0.03918523082875124, 0.0020021047339961913, 0.03726584079557803, 0.1177017428505873, -0.8742508084488493, 0.19922211539274484, 1.1787754862904844e-15], [0.14924789957838924, 0.08414451693831829, -0.038895023808597044, -0.2840129518589637, -0.29263893415366804, 0.0638902451035319, 0.5771115660484579, -0.5265174022414143, 0.14154226144301107, 0.2637705629037261, -0.12011267793909154, 0.07927392871836765, 0.04091603866685218, 0.19718502620809078, -0.11374011303013709, -0.054418905303200094, 0.1387195978280532, -0.04952569367465999, -1.771535203867734e-16], [0.09897456774268061, 0.6796831858459566, 0.22384218894151672, -0.31187280181170596, 0.05951560881322587, -0.1696604612957326, -0.09109527926565633, -0.007085154884993224, -0.34922439756268453, -0.19736800525178141, 0.17931716308759532, -0.10279985997792783, -0.03847919800139509, -0.034555453253144165, -0.08096245929093902, -0.11163811416146607, 0.33070842547308027, -0.07412461143333546, -8.998577280685463e-16], [0.09779282122214761, 0.3261179573427419, -0.8158253979546324, 0.329620944752647, -0.18722933951315046, -0.24950970664447186, -0.0821526824520176, -0.03105670170731144, 0.0019442676118870614, 0.016798194669318655, -0.015373682315303325, -0.03769165045294835, -0.01008007811229761, -0.0032661274227180842, -0.021008362097775356, -0.03083624150584076, 0.03423228964967928, -0.014824748926193315, -1.9810863308700683e-16], [0.18081511292712749, 0.13813262311747562, 0.040372510000626756, -0.011423542826959447, -0.031886903619149434, 0.0005411204137356945, -0.023693782208057408, 0.3685380772717388, 0.21531555431169064, -0.13133629629022664, -0.1713747950815448, 0.713453867393319, 0.31571033956324596, 0.2650893303504687, 0.054797842735300875, -0.13012977850205115, 0.11461783352411556, -0.06364845033201158, -1.0097030584930417e-16], [0.00044971912472923357, 0.005257550835486431, 0.0020992311073295415, 0.0014876220043919261, 0.010625494928993617, 0.018066586929205767, 0.0038866725208401435, 0.002891725852260934, -0.0021399054044578055, 0.010888830635357585, 0.01498658877006277, -0.02706105666117709, -0.004897199611920701, -0.044521415280575904, 0.04215077248903753, 0.02766691250800034, -0.2183569461643167, -0.9727253877974499, 1.0288389727059538e-17], [0.15878736298176052, 0.24423782289001253, -0.1756664605061244, 0.13365830255641334, 0.6932872510726118, 0.5680537667610697, 0.1760084353609429, -0.004148203558056536, 0.0067645939948724546, 0.16997240274341416, -0.002859618487872858, 0.008226881765186132, -0.023087773834282278, -0.00473596938647754, -0.03146330312545138, 0.02587159532977609, 0.024598885981717528, 0.015831787062272642, -1.075140261455499e-16], [0.17451225460801176, -0.23992209781649998, -0.31582838252026574, -0.4817342323944533, -0.08703055679700612, 0.21467076119786238, -0.15761323936035643, 0.1529895821453078, 0.04549212655130862, 0.04483952571821502, 0.660368614511343, 0.03825580655508329, -0.07285613819725227, 0.16952777093872987, -0.015729353428538435, -0.04819763576694193, 0.0036216865893818617, -0.0005190741365651876, -7.332915889639623e-17], [0.16015464176248498, -0.14932061897559135, -0.24461041707685874, -0.5287769269052409, 0.0940474577827036, 0.053355847934694896, -0.35905981962522393, -0.08143303993242822, -0.2189988443848503, 0.050831710770079044, -0.6185796854913557, -0.01664353651436048, 0.03160419832149081, -0.1170348051145103, 0.12219453606800736, 0.04762430338451135, 0.00274471036247137, 0.0014864152211914797, 2.0249003509222958e-16], [0.003961002869750324, -0.008802122492920967, -0.018188220338263072, -0.023613542017833, 0.004715514566002858, 0.023986729449602878, 0.023992619365697552, 0.07357379096390042, 0.005376244191096712, 0.02881349153293225, 0.05404449169632096, -0.4379766781673993, 0.8894150823763398, 0.07494530718283325, -1.7451445065607476e-06, 0.010597838574950415, 0.0003300912555306212, 0.006337557248618966, 2.616894149862455e-16], [0.31148355670456823, -0.03739692036302068, 0.062456385897434415, 0.10288821400276427, -0.11476186397812951, 0.06459821217481003, 0.022845469415174124, 0.03916603342885956, -0.07139737655769092, -0.04395221075117647, -0.0005101258567088637, -0.04446608559818747, -0.02173674018344067, -0.03530129163258381, 0.058365439770851665, 0.1635362606700579, 0.04732535992756548, -0.0004356995655202603, 0.9080625069520057], [0.4232275242025173, -0.21477602861338616, 0.08153985888847053, 0.21700781906003896, -0.030617231283942302, 0.015932037473258286, -0.16076477520348975, -0.20701321651696486, -0.29154994573497545, -0.03666831065596178, 0.06819480747771439, 0.19851857670056045, 0.1378576724937223, -0.19540796504190286, -0.6623091131995145, -0.007295023542526834, -0.04837503101987212, -0.015792990141057922, -0.14908488920107538], [0.3102348246893117, 0.005542626872718018, 0.12639059101325112, 0.16403983178766463, -0.14630266589141092, 0.05962126634073782, -0.05900639242029851, -0.12704713982182525, -0.12365176771185322, 0.31357643785719397, 0.16808262743547256, 0.12084583682877434, 0.09597642647170583, -0.4244490940428057, 0.5953491205006503, -0.30985462621956283, 0.021375838938008845, 0.033733010035972615, -0.1355317174555234], [0.20174177981014002, -0.041889059299296816, -0.08461972909385852, -0.11926857468939975, -0.1071467116794022, 0.14995780879227777, 0.3176751631198881, 0.23748082791804767, 0.31129322304169477, -0.5123824218816374, -0.12239683670869676, -0.21058412044910402, -0.07614487796971314, -0.474078812162429, -0.09246903633224869, -0.28685800388313415, 0.007289541522949444, 0.008923638865607462, -0.06776585872776174], [0.3775855782913255, -0.1337387637100826, 0.06333106167465304, 0.21540497360120472, -0.038228679670377505, 0.09984136250377038, 0.008056680780481967, 