{"meta": "qda", "means_": [[0.5397283531409153, 0.5290322580645134, 0.7436757215619695, 0.21511035653650254, 0.25172608941709557, 0.0025466893039049238, 0.18879456706281833, 0.36825127334465196, 0.3419354838709677, 0.07351443123938879, 0.2744536940686829, 0.3018817204301055, 0.30506250964655535, 0.3725297113752056, 0.28333550999084905, 0.331994906621399, 0.3983446519524618, 0.25857385398981325], [7.725968436154945, 9.217120994739368, 4.0993543758967, 2.9555236728837877, 6.972740315638452, 0.03730272596843615, 1.9842180774748923, 5.256814921090387, 4.2926829268292686, 0.8823529411764706, 8.747466098949408, 6.668579626972733, 5.7941828616147095, 10.353228120516494, 8.914799690983333, 9.669942611190805, 8.965925394548064, 5.66284074605452]], "priors_": [0.894185516927281, 0.105814483072719], "scalings_": [[15.729547839309655, 3.3988008103987126, 1.6854235086905862, 1.2118093280401006, 0.885702378851084, 0.7786957194184071, 0.5306203076154066, 0.4281935358145216, 0.35583134188155197, 0.30582127998122627, 0.1864681755566886, 0.1324651061147977, 0.09628725225214883, 0.07855772796003081, 0.07252911189439372, 0.05101771040185696, 0.0019685745879725837, 1.4483238834636178e-29], [497.5820898311335, 73.11244172463601, 54.623554618639794, 18.19097344342094, 12.274033982477444, 11.379662134380744, 6.485341445657147, 5.948806568236209, 5.316053296357838, 4.359157100711602, 3.185404798677171, 2.4567223646193015, 1.455736242555044, 0.9300529954512505, 0.7155246276431229, 0.3371899727590292, 0.03376279785968838, 2.4112476756486856e-29]], "rotations_": [[[0.45587863307040477, 0.13219725776643323, -0.13404220298743963, -0.08580874642824061, 0.0014599124679440703, -0.016871103390252846, 0.09107794922142534, 0.017711924224636393, -0.008028971035008504, -0.11061815043308504, -0.04165549702243839, 0.12602194548546478, -0.021413093889731536, 0.04380847261884238, -0.09262115513855182, -0.8358425594947192, 0.031075987083101327, -5.130609118736642e-17], [0.2449866610701371, -0.25286915405917604, -0.736701856025797, 0.2530530078615861, 0.3144327974473972, -0.25352979874560355, -0.02305410014617868, -0.12610879010851284, 0.15743966330970122, -0.028484882578372308, 0.17175954121023643, -0.06146536201922953, 0.047238387327290195, -0.02387299855112219, 0.0257574913007957, 0.1649365680400044, -0.012089001165272263, 1.3864826336098556e-16], [0.6361247188617057, 0.5733580592562117, 0.011014148168918714, 0.06876180556912093, -0.011232256835478016, 0.22511218009640285, -0.08827752764862865, 0.057304986088508175, -0.15115787413781295, 0.1250487329824082, -0.00601140740340593, -0.10017629618046905, 0.07174060524973527, -0.035176772569619555, 0.06963338247693522, 0.37397748199314806, -0.01511751968475139, 1.9426248497184612e-17], [0.09256087416836657, -0.054890670146535384, -0.03332124811538025, -0.8413158612734726, 0.23347351068175767, -0.299514395660336, -0.1857746592781512, -0.10996167918219367, -0.2618881155511311, 0.018622128112418587, 0.017474774144933664, -0.08449460317998493, -0.0008995763583587307, -0.02351329398696596, 0.04705776833784794, 0.09700888201680934, -0.010888120971437555, -1.8104820853870312e-17], [0.21089742607650624, -0.05019660710704778, 0.1516416615702235, -0.10616311613809772, -0.3217506735714728, -0.19096192966742478, 0.28982337974515304, 0.003537770054693374, 0.19994654655373148, -0.7313338664411094, 0.2405270404121575, -0.015944275292210854, 0.05909056823125512, -0.1003719382447659, 0.10914011843586637, 0.18944910138511992, -0.020800055101636038, 1.1359044998410735e-17], [0.002126843173621229, -0.003009539723582752, 0.004115401896519806, -0.0013067522488893017, 0.002071457442155154, 0.0075995429925694415, 0.003396696481234049, 0.002242476182774629, 0.018363645850894866, 0.016514633708715674, -0.020611966884258454, 0.013403669536256524, -0.011935276915215056, -0.005081388666949115, -0.004764732089135764, -0.035448037950590976, -0.9986126172219691, -2.9085902725204088e-15], [0.10085330823117673, 0.0068702841328208385, 0.03633509835774533, -0.33775338554675927, 0.02655020300463714, 0.18482884885309492, 0.1612856802573633, -0.009081979182035262, 0.8351860594917476, 0.3201337755306339, 0.012900060426814403, 0.03183538195379382, 0.01331237159417327, 0.05787762202220543, -0.06526632029695258, 0.06311822486056215, 0.02120656485232066, 2.23019920957581e-16], [0.019768316594896973, -0.1693050478624164, -0.19493890862081958, -0.090592851821458, -0.3813424896058446, 0.06677492618487134, -0.41230584841194506, 0.2607517293905302, 0.04509904370815964, -0.0056038792203434475, -0.19047261631454326, 0.2756500239711186, 0.6386341047885081, -0.013180673985069094, 0.12039491813685235, 0.004076999252252757, -0.0011492096281165874, -2.4880785883954817e-16], [0.036124464942706824, -0.08048737387192237, -0.19812153977773864, -0.07543564576318033, -0.3672116823494878, 0.17128260141996463, -0.526380884540392, 0.17407364740715625, 0.09462024192713156, -0.10886031715619751, 0.11752413228484566, -0.11449322963267541, -0.6446665792044056, 0.04100134198486863, -0.10306087633522452, 0.009274043113174323, 0.002379987576341675, 1.9411641505063222e-16], [0.0017113282183963958, -0.015761923313372898, -0.0015806017429389363, -0.003001900565543154, -0.03104146766719863, -0.005488155649784688, -0.010928322968709835, -0.0014328770665668245, 0.012734931918784944, 0.06739423558570211, -0.043639826905918756, -0.00908440296104221, 0.014466335368412781, -0.9188869588904828, -0.38344363628801725, -0.01610824843106897, 0.00893370960864233, -2.3539901509219163e-16], [0.1965080004590243, -0.2890710648208608, 0.14443925882992575, 0.027492198451455542, 0.07912834372269227, 0.0885726813110394, 0.013226462662340212, 0.05016055318623232, -0.06013605971114899, 0.011607343610313132, -0.049308075530699394, 0.07700336788248995, -0.03669103388804176, 0.03525979876408875, -0.08085666938376568, 0.06127487412272673, 0.0024520206244314285, 0.9024448900963523], [0.11678291085137041, -0.29774209079129704, 0.2029816212960009, 0.025320689148729397, 0.2500217407539087, 0.35293715382362767, -0.18051254728599286, 0.042648006441261814, -0.004967212600370495, -0.19340934797571974, 0.12847945420560675, -0.550079807139479, 0.3069217830708231, 0.1375699175884776, -0.35974047105724083, -0.06881602522742432, -0.008898461161319796, -0.17466675292187445], [0.1798959022736681, -0.2033178025984952, 0.1885334926805869, 0.09599181592449416, 0.31301336842443617, 0.019398394802870346, -0.1583064219577372, 0.017779928609278958, 0.16343052498525867, -0.22519356342079835, -0.6733001826302051, 0.005246275774996829, -0.2026441503467806, -0.1464337611762334, 0.3712388520637195, 0.028689982890214086, 0.015571921282984506, -0.16011119017838532], [0.1468893104445337, -0.3330782404963171, -0.17328944973999988, -0.08875500054335611, -0.42094307925195085, 0.05033411849391917, 0.46955507715290845, 0.11804159572077705, -0.20921851871954728, 0.293142294647578, -0.2517713380294831, -0.43562061970960686, -0.058969483008458175, -0.015404357369183459, 0.1531522678758594, 0.01014632530791091, 0.0021332058069117835, -0.07277781371744792], [0.14879643323998665, -0.34729111524256373, 0.1311675907718891, -0.03051440592565226, 0.1492664210598655, 0.3750677108824036, 0.05461844514499213, 0.10318645846722274, -0.15613915013960247, 0.14467447137240286, 0.50260103325261, 0.33220421689615953, -0.08119678582244572, -0.1946457873637009, 0.4153911890790271, -0.03758941931790988, 0.0004449522026488909, -0.18922231566536415], [0.2520259325424761, -0.25869901837681153, 0.09858130862554207, 0.013194440417261456, -0.01693398302508585, -0.1102398602455463, 0.14506736926759167, 0.10703862305634497, -0.13901298527348305, 0.042430408280255724, -0.15538916104149728, 0.4802822198515631, -0.12700983531783605, 0.23657937996223974, -0.5635032819671901, 0.253747771694509, 0.0033598217335727917, -0.2911112548697907], [0.26185918190044766, -0.1653569070671148, 0.4228224571553377, 0.23747443190221085, -0.20032500732742387, -0.5492910683149513, -0.29218165158455733, -0.1950677806332708, 