{"meta": "lda", "coef_": [[-7.916441788413718, -1.3194121478047225, -1.5561295918728932, 9.241421714389531, -4.326159209911908, 0.7767124809965743, 4.01477544921378, -1.240752252153862, 15.389774293162068, 23.53177727923834, 5.4284543396247, 1.6265537891176476, 5.00754139451974, 9.324030348484433, 8.234866900947871, 4.110666853832814, -6.707314092813992, 0.6423243501335489, -0.11182249653747145]], "intercept_": [-4.7938598575600455], "explained_variance_ratio_": [1.0], "means_": [[0.012390021160485138, 0.012010200868255006, 0.012306737162541177, 0.001234740471531082, 0.009286017688374865, 0.0002494148344269215, 0.003611033454477672, 0.00792187264790023, 0.007705479452054734, 0.002842232783524365, 0.019678190911067567, 0.010226534815459754, 0.009812951814719466, 0.012284388266872002, 0.006406028694683819, 0.007904397821568926, 0.007838142867497117, 0.0028421148240811594, 0.0022646432571477733], [0.17181357361261979, 0.166737279007311, 0.09966242135951986, 0.03713482477539134, 0.19042937535716684, 0.0012004801920768296, 0.05690089446857542, 0.14801525005606767, 0.135360266555602, 0.06889986315225727, 0.15674024711925544, 0.2561953647402623, 0.22077555661680542, 0.23755470739650836, 0.19656864888248637, 0.23056381546448595, 0.2029682297279128, 0.06847252463372275, 0.07995096382796532]], "priors_": [0.7186218211648893, 0.28137817883511074], "scalings_": [[2.9894195689414933], [0.4982385520625308], [0.5876281766591389], [-3.489760634414095], [1.6336512471291167], [-0.2933034249718798], [-1.5160660071234422], [0.4685348748759275], [-5.811511492562888], [-8.886107846265586], [-2.0499017191953826], [-0.6142218760757867], [-1.8909558911897808], [-3.52095544060698], [-3.1096637756310663], [-1.5522766746333043], [2.5328268103280003], [-0.2425555613517143], [0.04222659224075376]], "xbar_": [0.057248330012890536, 0.05554702433150046, 0.036886720492782105, 0.011336240812978226, 0.06025580577729664, 0.0005170238727156158, 0.018605637497000664, 0.047341092049870234, 0.043624750966834644, 0.021429408514841333, 0.05824446267432305, 0.07943679622990378, 0.0691732253562416, 0.07567054040917329, 0.05991364044564056, 0.07055589925841924, 0.06274349134421786, 0.021309080012520097, 0.02412387865976502], "classes_": [0, 1], "params": {"n_components": null, "priors": null, "shrinkage": null, "solver": "svd", "store_covariance": false, "tol": 0.0001}}