{"meta": "lda", "coef_": [[-43.340825813506065, -39.92523148518157, 11.832186581308767, -25.011924226098234, 14.639945387082072, 34.27868034141092, 3.548907680322964, 3.18935078019019, -25.64895860991107, 7.750882416290823, 44.721978643750916, 55.31569135256943, 9.867762245432639, 49.74106974887309, -11.393091017722236, 41.14537773061383, 14.840107331924445, -22.57955735442392, 18.28864990135936, -31.796761848845833]], "intercept_": [-1.892547052351023], "explained_variance_ratio_": [1.0], "means_": [[0.000645404303643979, 0.0013435655537316683, 0.0014890422543286444, 0.001516552082731532, 0.0005533563782337189, 0.0010366955276793052, 0.0003289473684210526, 0.0008116418764302052, 0.0010118888592038585, 0.001060267857142877, 0.0009417641325535987, 0.0008462663067926202, 0.0005325176094914383, 0.0004296327796678015, 0.0005544245513443365, 0.0006801025633068688, 0.0004501704049542193, 0.0006239920353592655, 0.0006501515061050173, 0.0003894312393887937], [0.0430797824817069, 0.044486581483480864, 0.04626220957387213, 0.03731256239393951, 0.04177255185176797, 0.04821723022153476, 0.004135662254249228, 0.0404562033231055, 0.0430640702413694, 0.043919218819350896, 0.04004537160329519, 0.025850433040847207, 0.029980928511710237, 0.027343550382337656, 0.02954846563060752, 0.033330245207647664, 0.029849119310604133, 0.03181484855582645, 0.02930182709686398, 0.032160989648210805]], "priors_": [0.6182003050330452, 0.38179969496695476], "scalings_": [[26.341475140156142], [24.265561924391328], [-7.191308491129573], [15.201624976973134], [-8.897794405820754], [-20.83372868657369], [-2.156937752828992], [-1.9384080185993415], [15.588798619137593], [-4.710793406695398], [-27.180905452333388], [-33.61950035041073], [-5.997380275943755], [-30.23138409666403], [6.924437137036383], [-25.007136441907626], [-9.019447853698242], [13.723292936009074], [-11.115386190300775], [19.325280403813377]], "xbar_": [0.016846836948140802, 0.01781555587566438, 0.018583423879634773, 0.015183457900584707, 0.01629083263681238, 0.019050209282171146, 0.001782349950656416, 0.015947923343869526, 0.017067398883609718, 0.01742380226111757, 0.01587150953699027, 0.010392849538757538, 0.011775911909220121, 0.010705358310732906, 0.011624340591266377, 0.013145917065543746, 0.011674680129480445, 0.012532651540631688, 0.011589352506948933, 0.012519802548501824], "classes_": [0, 1], "params": {"n_components": null, "priors": null, "shrinkage": null, "solver": "svd", "store_covariance": false, "tol": 0.0001}}