{"meta": "lda", "coef_": [[10.54364870439068, 38.540144286715375, 11.695203161924443, -36.46321776402933, 7.588383097406199, 34.00243514290759, 6.637955378989229, -20.756104569770038, 4.458803791511614, -31.69850912241379, 15.186283565559018, 9.684903478899095, -30.226886609772237, 13.142871804865962, -41.96956197666581, -12.043788163980555, 75.4249709803162, -27.415852524526038, 0.19880695840728324]], "intercept_": [-3.1608638199565893], "explained_variance_ratio_": [1.0], "means_": [[0.0011314685823799065, 0.0018064935746013042, 0.0013385969235968143, 0.003140474711173848, 0.0014513581737604965, 0.001350364721465462, 0.00012999569389263984, 0.0009407330427634159, 0.0011408577314756872, 0.001164127421885696, 0.010066541545811365, 0.0008481246130698247, 0.0006564662783206705, 0.000865525696662715, 0.0008692306209616295, 0.0007052678931133081, 0.0009638921621533799, 0.0011452456771823363, 0.0007870213437110951], [0.08590591620094923, 0.07804792626829951, 0.066670789090887, 0.08289964990088647, 0.09487954140522174, 0.08427572512890567, 0.017925478348439054, 0.0582614666300466, 0.07662713622221207, 0.07121588826704987, 0.12317652136383153, 0.07107634993508564, 0.0678655023721865, 0.07147379248321138, 0.060396330800962364, 0.06752432549880184, 0.07054162321251597, 0.07410239020079332, 0.0821207337302769]], "priors_": [0.7798030867482704, 0.22019691325172963], "scalings_": [[-5.622831757319457], [-20.55310768622015], [-6.236945254045428], [19.445501701157788], [-4.0468155439429125], [-18.13318875733397], [-3.539961104082243], [11.069041392145952], [-2.3778394236643687], [16.904526009005437], [-8.09870661496195], [-5.164870755324977], [16.119723135648954], [-7.00897374701081], [22.38198488393411], [6.422842458574839], [-40.22344958689794], [14.620624278263112], [-0.1060219389558239]], "xbar_": [0.019798540270609313, 0.018594621715643155, 0.01572454397480294, 0.020703198891452505, 0.02202395573204527, 0.019610273113470987, 0.004048506044248456, 0.013562581644007917, 0.01776270324799627, 0.016589308927839223, 0.03497300995970484, 0.016312163052124663, 0.01545568856881401, 0.016413248093115354, 0.013976914335424272, 0.015418618124275432, 0.016284693770502248, 0.017210183700941805, 0.01869645375453685], "classes_": [0, 1], "params": {"n_components": null, "priors": null, "shrinkage": null, "solver": "svd", "store_covariance": false, "tol": 0.0001}}