{"meta": "lda", "coef_": [[-5.456468433028261, 20.214482994026067, -8.163518224644795, -2.550398646671524, 6.1028912265034565, -4.949808785306423, 13.407152097730211, 6.8751808295847745, 12.456868269372078, 22.36394952088531, 1.1267735272933692, 9.764220803725692, 7.414528635898867, -10.64821352796042, 25.949373169317365, -17.353128769915312, -8.5130135755448, 24.178727710175895]], "intercept_": [-13.292462912677669], "explained_variance_ratio_": [1.0], "means_": [[0.026322923057169795, 0.015491597450261962, 0.02966196183767048, 0.004302207130730012, 0.017207630080895445, 0.0012733446519524619, 0.008581571230128166, 0.013638936049802167, 0.014866760168302665, 0.008149405772495759, 0.020416392363396974, 0.020631092352528167, 0.026263171926082268, 0.00834591415998823, 0.01906541347365086, 0.015308527645822722, 0.009713028493669609, 0.006464346349745247], [0.22761816347773037, 0.17156504780968948, 0.12983147390736421, 0.059110473457675596, 0.21488451908740533, 0.018651362984218076, 0.09019173079431358, 0.19469684892927444, 0.1866383881230115, 0.20851267336202767, 0.2884402541504409, 0.2586384907279532, 0.27576864247009014, 0.1538371446139432, 0.2974997418927624, 0.22491453672706654, 0.13806629804566334, 0.14157101865136337]], "priors_": [0.894185516927281, 0.105814483072719], "scalings_": [[1.2241597769073318], [-4.535123275427888], [1.831486935426819], [0.5721824430314637], [-1.3691848590389322], [1.110490584290214], [-3.007897236530219], [-1.5424481849097997], [-2.794700870858967], [-5.017356517732098], [-0.25279186468802095], [-2.1906048770319826], [-1.6634509724007722], [2.3889288203240566], [-5.82174702552194], [3.8931778868248976], [1.9098962868304077], [-5.4245023650151]], "xbar_": [0.047622874867270105, 0.03200642892142046, 0.040261346976971604, 0.010101715500227669, 0.038124707906542536, 0.003112190678609382, 0.01721710807789456, 0.03279748550736892, 0.03304268618688959, 0.02935074135924295, 0.048777198749546904, 0.04581572217910647, 0.05266446431551198, 0.023740993502087308, 0.04852779800501883, 0.037487879145690184, 0.02329466336200719, 0.02076058903901621], "classes_": [0, 1], "params": {"n_components": null, "priors": null, "shrinkage": null, "solver": "svd", "store_covariance": false, "tol": 0.0001}}