{"meta": "lda", "coef_": [[5.210704459043826, 16.980821934766926, -9.958968078223027, -5.24373974344408, 3.831326842939419, -3.010729421441116, 9.72518614768127, 14.375037903813137, 4.499736007454722, 19.73668213844641, 0.19870848789375925, 11.23370457120987, 5.452710525734833, -14.104541483775456, 26.728100736791475, -20.032433823244524, -7.0008908825935645, 26.806207063467944]], "intercept_": [-13.197754999643857], "explained_variance_ratio_": [1.0], "means_": [[0.026322923057169795, 0.015491597450261962, 0.02966196183767048, 0.004302207130730012, 0.017207630080895445, 0.0012733446519524619, 0.008581571230128166, 0.013638936049802167, 0.014866760168302665, 0.018378607809847198, 0.020416392363396974, 0.020631092352528167, 0.026263171926082268, 0.00834591415998823, 0.01906541347365086, 0.015308527645822722, 0.009713028493669609, 0.006464346349745247], [0.22761816347773037, 0.17156504780968948, 0.12983147390736421, 0.059110473457675596, 0.21488451908740533, 0.018651362984218076, 0.09019173079431358, 0.19469684892927444, 0.1866383881230115, 0.22058823529411764, 0.2884402541504409, 0.2586384907279532, 0.27576864247009014, 0.1538371446139432, 0.2974997418927624, 0.22491453672706654, 0.13806629804566334, 0.14157101865136337]], "priors_": [0.894185516927281, 0.105814483072719], "scalings_": [[-1.1866735138996187], [-3.867172239880072], [2.2680318442715297], [1.194196891464025], [-0.8725373168531516], [0.6856564002092919], [-2.2147909001376282], [-3.2737371454930697], [-1.024759239668485], [-4.494785327020416], [-0.04525340122894578], [-2.558337319340894], [-1.2417874033559286], [3.2121349303249724], [-6.086994468884454], [4.562139116474349], [1.5943663374835886], [-6.104782219055947]], "xbar_": [0.047622874867270105, 0.03200642892142046, 0.040261346976971604, 0.010101715500227669, 0.038124707906542536, 0.003112190678609382, 0.01721710807789456, 0.03279748550736892, 0.03304268618688959, 0.039775315014422344, 0.048777198749546904, 0.04581572217910647, 0.05266446431551198, 0.023740993502087308, 0.04852779800501883, 0.037487879145690184, 0.02329466336200719, 0.02076058903901621], "classes_": [0, 1], "params": {"n_components": null, "priors": null, "shrinkage": null, "solver": "svd", "store_covariance": false, "tol": 0.0001}}