{"meta": "lda", "coef_": [[-15.969695865677746, 2.0628829938705255, 4.325679613505899, 9.10174377497855, -2.8657114155002064, -0.2474361750486352, 0.6602229385892197, -0.39805494830793386, 11.841458281790054, 3.57177037045252, 19.137755934969896, 1.9129662963081675, 4.6635292470770855, 6.990645536358625, 5.0755583269102225, 7.611232477306293, -4.992596233813894, -10.196780712086737, 4.1150643062606935]], "intercept_": [-4.49755949403516], "explained_variance_ratio_": [1.0], "means_": [[0.012390021160485138, 0.012010200868255006, 0.012306737162541177, 0.001234740471531082, 0.009286017688374865, 0.0002494148344269215, 0.003611033454477672, 0.00792187264790023, 0.007705479452054734, 0.010123438205630149, 0.00820830615351167, 0.010226534815459754, 0.009812951814719466, 0.012284388266872002, 0.006406028694683819, 0.007904397821568926, 0.007838142867497117, 0.0028421148240811594, 0.0022646432571477733], [0.17181357361261979, 0.166737279007311, 0.09966242135951986, 0.03713482477539134, 0.19042937535716684, 0.0012004801920768296, 0.05690089446857542, 0.14801525005606767, 0.135360266555602, 0.2020312049466578, 0.11023184784117777, 0.2561953647402623, 0.22077555661680542, 0.23755470739650836, 0.19656864888248637, 0.23056381546448595, 0.2029682297279128, 0.06847252463372275, 0.07995096382796532]], "priors_": [0.7186218211648893, 0.28137817883511074], "scalings_": [[6.2866910683303825], [-0.8120823465679751], [-1.702863449587194], [-3.5830269892219344], [1.1281268292001365], [0.09740666351719973], [-0.2599058670901956], [0.1566998212915558], [-4.6615533972773635], [-1.4060766764075125], [-7.5338416157843335], [-0.7530655705763638], [-1.8358626182423408], [-2.7519640464627155], [-1.9980635491721819], [-2.996266656330396], [1.9654043768206524], [4.014103384784696], [-1.6199518285989818]], "xbar_": [0.057248330012890536, 0.05554702433150046, 0.036886720492782105, 0.011336240812978226, 0.06025580577729664, 0.0005170238727156158, 0.018605637497000664, 0.047341092049870234, 0.043624750966834644, 0.06412209611553374, 0.03691550451189516, 0.07943679622990378, 0.0691732253562416, 0.07567054040917329, 0.05991364044564056, 0.07055589925841924, 0.06274349134421786, 0.021309080012520097, 0.02412387865976502], "classes_": [0, 1], "params": {"n_components": null, "priors": null, "shrinkage": null, "solver": "svd", "store_covariance": false, "tol": 0.0001}}