{"meta": "lr", "classes_": [0, 1], "coef_": [[1.4082564809032847, -2.125522611603456, -7.183156822500069, 4.034160030128515, 0.22162243562141168, -0.7719253693748264, 3.587771815847125, 22.274600353870024, 13.538297417349474, 15.90091322817874, 12.190062545032571, 3.8927503249067206, 11.782930207643325, 7.320164003379774, -2.7424805371947967, 4.5970522283212265, -2.8850472605919064, 3.6256004796810046, 6.472276699372743]], "intercept_": [-3.170332505060271], "n_iter_": [70], "params": {"C": 10, "class_weight": "balanced", "dual": false, "fit_intercept": true, "intercept_scaling": 1, "l1_ratio": null, "max_iter": 500, "multi_class": "auto", "n_jobs": 4, "penalty": "l2", "random_state": 1618, "solver": "lbfgs", "tol": 0.0001, "verbose": 0, "warm_start": false}}