{"meta": "lr", "classes_": [0, 1], "coef_": [[0.4632525504652989, 3.1296671795707622, -5.668479869583415, 1.2169271089690918, 3.0363655980130204, -1.383713509614574, 3.5244132395653502, 7.0051307191885686, 6.425851726544466, 5.221261287405591, 3.104485697847998, 4.7862824386910585, 3.2929674454804028, 1.0866352858072665, 3.5585642831348423, 1.7610795031076338, 0.516898541672844, 5.938653153128294]], "intercept_": [-2.7027299492584853], "n_iter_": [8], "params": {"C": 1, "class_weight": "balanced", "dual": false, "fit_intercept": true, "intercept_scaling": 1, "l1_ratio": null, "max_iter": 500, "multi_class": "auto", "n_jobs": 4, "penalty": "l2", "random_state": 1618, "solver": "liblinear", "tol": 0.0001, "verbose": 0, "warm_start": false}}