{"meta": "lr", "classes_": [0, 1], "coef_": [[-0.3275298449933957, 1.457083078537731, -3.567222934792648, 0.7986406564943549, 1.2637966675464043, -0.14625089584076845, 1.4696081752716879, 11.826007529657614, 10.111789367471275, 13.839234836522934, 1.9460581969368662, 3.5929522150613984, 6.242350591804741, 4.458194603946209, 1.9120940022741302, 3.5002084996513636, 1.081224663538503, 0.7492648260739824, 3.165309578287401]], "intercept_": [-2.2972895770381823], "n_iter_": [8], "params": {"C": 1, "class_weight": "balanced", "dual": false, "fit_intercept": true, "intercept_scaling": 1, "l1_ratio": null, "max_iter": 500, "multi_class": "auto", "n_jobs": 4, "penalty": "l2", "random_state": 1618, "solver": "liblinear", "tol": 0.0001, "verbose": 0, "warm_start": false}}