{"meta": "lr", "classes_": [0, 1], "coef_": [[15.542764049318498, 9.020509297044201, 14.172278828662753, -2.9219669488634437, 11.86922408143931, 17.454248446073866, -0.7549018645559687, 9.30692678072601, 32.16291197161781, 32.51143424051297, 40.41196383253418, 34.22557177920383, 14.073249917966328, 14.586291371896825, 13.034645167151654, 15.597686583278962, 15.12150914682452, 13.202346404896469, 12.57603452241968, 18.743805485927425]], "intercept_": [-2.3190739861164325], "n_iter_": [55], "params": {"C": 10, "class_weight": null, "dual": false, "fit_intercept": true, "intercept_scaling": 1, "l1_ratio": null, "max_iter": 500, "multi_class": "auto", "n_jobs": 4, "penalty": "l2", "random_state": 1618, "solver": "lbfgs", "tol": 0.0001, "verbose": 0, "warm_start": false}}