{"meta": "lr", "classes_": [0, 1], "coef_": [[0.6227378573048618, 6.927515692804643, -9.70906885895471, 2.067134540440158, 3.1404669705916315, -4.701917679677264, 2.6123870797623807, 8.442103785904196, 4.863391816063205, 6.441316321421045, 2.4166719242245414, 5.6461713022904245, 4.366033859287641, -1.9570932973458754, 6.288565922479181, -1.1434622506277696, 2.204858442644487, 10.869859621276273]], "intercept_": [-5.0489975227620825], "n_iter_": [59], "params": {"C": 10, "class_weight": null, "dual": false, "fit_intercept": true, "intercept_scaling": 1, "l1_ratio": null, "max_iter": 500, "multi_class": "auto", "n_jobs": 4, "penalty": "l2", "random_state": 1618, "solver": "lbfgs", "tol": 0.0001, "verbose": 0, "warm_start": false}}