{"meta": "lr", "classes_": [0, 1], "coef_": [[0.6227378569312978, 6.927515692345275, -9.709068858653554, 2.0671345407044965, 3.140466970775723, -4.70191768003008, 2.612387079917182, 8.442103785699908, 4.863391816235965, 6.4413163214422, 2.4166719241140826, 5.646171302295398, 4.366033859207906, -1.95709329719885, 6.2885659222152785, -1.1434622507874495, 2.204858442596856, 10.869859621579849]], "intercept_": [-5.0489975226888255], "n_iter_": [59], "params": {"C": 10, "class_weight": null, "dual": false, "fit_intercept": true, "intercept_scaling": 1, "l1_ratio": null, "max_iter": 500, "multi_class": "auto", "n_jobs": 4, "penalty": "l2", "random_state": 1618, "solver": "lbfgs", "tol": 0.0001, "verbose": 0, "warm_start": false}}