{"meta": "lr", "classes_": [0, 1], "coef_": [[13.192331626377209, 12.177883016545442, 14.73291439891694, 3.1908295910605426, 13.41276484829423, 16.80728222383531, 2.1040731576393377, 8.007153483603817, 18.830345883723407, 16.71147231210192, 13.303940250419837, 11.986892496675235, 10.029737885381435, 10.571693131988733, 14.203454616965814, 11.691188115779054, 12.667147617934384, 11.293142570645692, 19.252255859011676]], "intercept_": [-3.463548577008747], "n_iter_": [40], "params": {"C": 10, "class_weight": null, "dual": false, "fit_intercept": true, "intercept_scaling": 1, "l1_ratio": null, "max_iter": 500, "multi_class": "auto", "n_jobs": 4, "penalty": "l2", "random_state": 1618, "solver": "lbfgs", "tol": 0.0001, "verbose": 0, "warm_start": false}}