{"meta": "lr", "classes_": [0, 1], "coef_": [[2.620831495805438, -2.2555153702532036, -6.936809689513804, 3.9710170404161524, 0.4265509879444702, -0.5970465010725017, 3.5362751451612873, 17.603920288263975, 11.1901181062443, 15.14705452377819, 12.616095926717394, 3.0554851473571087, 10.090046122799304, 7.744028045566265, -2.5346849214440086, 3.8861682088150067, -3.4757125042530532, 3.033386650169862, 5.395665127857049]], "intercept_": [-3.8243577530761583], "n_iter_": [74], "params": {"C": 10, "class_weight": null, "dual": false, "fit_intercept": true, "intercept_scaling": 1, "l1_ratio": null, "max_iter": 500, "multi_class": "auto", "n_jobs": 4, "penalty": "l2", "random_state": 1618, "solver": "lbfgs", "tol": 0.0001, "verbose": 0, "warm_start": false}}