{"meta": "qda", "means_": [[0.026322923057169795, 0.015491597450261962, 0.02966196183767048, 0.004302207130730012, 0.017207630080895445, 0.0012733446519524619, 0.008581571230128166, 0.013638936049802167, 0.014866760168302665, 0.018378607809847198, 0.020416392363396974, 0.020631092352528167, 0.026263171926082268, 0.00834591415998823, 0.01906541347365086, 0.015308527645822722, 0.009713028493669609, 0.006464346349745247], [0.22761816347773037, 0.17156504780968948, 0.12983147390736421, 0.059110473457675596, 0.21488451908740533, 0.018651362984218076, 0.09019173079431358, 0.19469684892927444, 0.1866383881230115, 0.22058823529411764, 0.2884402541504409, 0.2586384907279532, 0.27576864247009014, 0.1538371446139432, 0.2974997418927624, 0.22491453672706654, 0.13806629804566334, 0.14157101865136337]], "priors_": [0.894185516927281, 0.105814483072719], "scalings_": [[0.012875741995198087, 0.005115079159253566, 0.0031090744301977965, 0.0014287234687636622, 0.00110053919362328, 0.0006186360282740619, 0.0005389754029384211, 0.0004959451579467784, 0.0004272233728463973, 0.00032225128435016333, 0.0002722203575255284, 0.00019385919981168527, 0.0001501043632820934, 0.00012435454925534614, 7.734433532022322e-05, 4.221449429566498e-05, 3.4610730141232043e-05, 1.5869956895782537e-32], [0.33743630332041763, 0.06216686826704036, 0.052313851270911364, 0.019925868302520362, 0.015084609848677849, 0.010303071852060006, 0.008427646913357513, 0.00738453746204738, 0.005714906035335889, 0.004860841903762351, 0.0035629481295427474, 0.0027478839652333113, 0.002193254781991457, 0.001615857873444825, 0.0015030883899107771, 0.0006998189756882322, 0.0005849781964448302, 7.740628343598533e-32]], "rotations_": [[[0.4439714641683226, -0.028101490048910712, -0.1324747120109441, 0.09647857966158252, -0.02345177230053023, 0.09978311136527175, -0.22526835042628124, 0.050700015348318354, -0.07067287121436285, 0.07880811822061953, -0.04411241256335956, 0.1226176690390476, -0.08794709863053005, 0.05446712994361646, -0.07583547758807692, 0.4651916922244106, 0.6711012896010319, -3.12799228354193e-16], [0.14339480613813105, 0.016454974668754285, 0.08695163143200962, 0.20403639514481964, -0.18695588588815382, 0.021881579631841216, -0.6290715218859412, 0.4465539745611213, -0.09279165801698575, -0.24985649581891484, 0.0041400379324966485, 0.22923115832430707, 0.0469773583765416, -0.22249226129132385, 0.22001088431513563, -0.17150469522029155, -0.21510935728997715, 3.3170541807568856e-16], [0.6690539155039694, -0.10163175306119113, -0.5157023370204934, -0.03681866429577553, -0.11068294353432934, -0.2093320659485046, 0.2483042968459227, 0.0836725327373797, -0.016482000667457045, 0.07357575819470363, 0.04702793175222885, -0.11099399282396019, -0.054010488993981524, -0.018913166274454107, 0.016247337366379205, -0.2327801730391619, -0.2684489132399422, 1.8682509627286421e-16], [0.06415905260832162, 0.005240583337212452, 0.02833616926520023, 0.06697628794263978, 0.2440516650485801, 0.37236982162942933, -0.1077775158955944, 0.16890237343521253, 0.2921409116607667, 0.7249066285258262, -0.3139033710776832, 0.02222551848303527, 0.054638658813857696, -0.0680518777430744, 0.03715522169240491, -0.15472542983580886, -0.09695743411846341, 3.488165626715661e-17], [0.2141476580914019, 0.0006573015868273103, 0.03448934310035688, 0.04710736200450724, 0.022207367151112246, 0.46015584229053674, 0.021988308207871676, -0.5890899501479676, -0.07299567734890902, -0.16713759012410398, -0.04465750910857168, 0.45827534021410626, -0.1981168333636457, 0.10404165307814135, 0.23745598735249349, -0.1296989802915206, -0.14976203980068717, 4.0859613838989316e-16], [0.04315744088062565, 0.037292435448393065, 0.07169744195688715, -0.0750540612542488, 0.3256672085597965, -0.6609609566418283, -0.35455168294475975, -0.3804175504208131, -0.2076229063599803, 0.28692004023090495, -0.08789312978473302, 0.16632925162056164, -0.04270623262227046, -0.06442173324678507, 0.05020565755009093, -0.039739603427512295, -0.04153696773357128, 2.8303312034341774e-16], [0.17165734173817468, 0.01752425323685528, 0.009350878640639226, 0.0416088131271669, 0.867354448471675, 0.10006248088714215, 0.0367946481841787, 0.15536844625936852, 0.07846396072242144, -0.37125866898425874, 0.136631439343352, -0.09584501749016537, 0.059062163831002976, -0.06087163653222481, -0.012479077548004314, 0.024558834584220104, -0.028318132630780715, 3.2782345312922025e-18], [0.020036428531082433, 0.06582933804087109, 0.15102287081188762, 0.5588438300472924, -0.030569061998471637, -0.056380441431377715, -0.028383111413509535, -0.1349997535840302, 0.13984098126041702, 0.06542894557340115, 0.1758418558962387, -0.4564280701710061, -0.5655902411107768, -0.10015656098700067, 0.20934892829928514, 0.012938884398328993, -0.0023484343924548914, 3.2654890971589347e-16], [0.051880987456651984, 0.04831133193210893, 0.07433816472445856, 0.6893317402286897, -0.03486286402693574, -0.2321567389192375, 0.2436229706755649, -0.054349899071043796, 0.2324652596101117, -0.022729816119382497, -0.03704689389035992, 0.31223918452030597, 0.4604525658000028, 0.12807790873905964, -0.11682136479587629, 0.03318420971725762, -0.016132953021816603, -1.6506211515463276e-16], [0.01845275087336188, 0.9838081293236678, -0.16182817850610864, -0.060122397994237575, -0.023862092701236973, 0.01507782320687881, 0.014761792257639812, 0.02168527122802459, 0.007964569696514287, -0.0015531683627580072, -0.0004062633778861481, 0.017929076191597743, -0.005958275310090491, 0.0052165231285981615, 0.0033130859095193725, 0.005556307266227264, -0.0010349254678239253, 1.555291038843521e-17], [0.21687179339393153, 0.047652459324568665, 0.3118441126459357, -0.04143732451611634, -0.05470549098868224, 0.06190189221340624, -0.001340799671599252, -0.051744970908079876, -0.11515269441111839, 0.04753052436744513, 0.06890194207054615, -0.12371036200675463, 0.1098908704504594, -0.025216804699073045, -0.16177694998279935, 0.07601565700281976, -0.12672074014276385, -0.8636764253946826], [0.16039280840336895, 0.046484010111326406, 0.4392134758939064, -0.12146576464093284, -0.02919585021537887, -0.11655046794872614, 0.41265025428696356, 0.21291792701188783, -0.003995123876632744, 0.04277240844831557, -0.010111845386820594, 0.36784647201898163, -0.3157153319789397, -0.5001415910228931, -0.1595511813752946, 0.038095887146581665, 0.020201036332338065, 0.14144904722025162], [0.29399827126287986, 0.03905088331466653, 0.38822694347630543, -0.2926168184668002, -0.11124732484845185, -0.16855084907841564, -0.14474747394387988, -0.047119104113848786, 0.6125271255850373, -0.2015502117511353, -0.16933212166286216, -0.11587689232592088, -0.026036412567926166, 0.35208879023428585, -0.0013102398530327047, -0.12248203682688558, 0.05296736733518423, 0.10663759946199657], [0.0696228222390391, 0.03660171079267676, 0.11269809050816874, 0.14218359695038302, 0.0024670103425292987, 0.12690949765535253, -0.13525196104148832, -0.06895114759649607, -0.2631222962601164, -0.011889085802773019, 0.055844973281947416, -0.10487420943581004, -0.046049033824210654, 0.0852196339586718, -0.6485730177151414, -0.5831627285070301, 0.21281818930365412, 0.151143374444069], [0.1702628617899017, 0.05684795725269041, 0.39040659423438223, -0.01732311782216828, 0.028002895099459614, 0.009505034861138526, 0.20155693911412326, 0.19962287567696363, -0.43937432408899285, 0.20488486219658952, 0.2194905014450221, -0.08524607049447665, 0.18341517394968238, 0.3961520802351601, 0.44547805099353577, -0.11183164204368454, 0.10085514038019829, 0.17758244869084544], [0.19392597318235164, 0.030401392346825203, 0.1762664626146345, -0.00031120749977149587, -0.06459471846471077, 0.14634586860505422, -0.1571504388290899, -0.1441936673771586, -0.1222721047113421, 0.08029466460298354, 0.11002153554385696, -0.19348129993745894, 0.15350122747967918, -0.0037351208721910986, -0.3203355748925097, 0.5046446701366338, -0.5033637131706231, 0.39262025256462335], [0.1331870844651367, 0.021105068820249488, 0.07736600399308456,