{"meta": "qda", "means_": [[0.000645404303643979, 0.0013435655537316683, 0.0014890422543286444, 0.001516552082731532, 0.0005533563782337189, 0.0010366955276793052, 0.0003289473684210526, 0.0008116418764302052, 0.0010118888592038585, 0.001060267857142877, 0.0009417641325535987, 0.0008462663067926202, 0.0005325176094914383, 0.0004296327796678015, 0.0005544245513443365, 0.0006801025633068688, 0.0004501704049542193, 0.0006239920353592655, 0.0006501515061050173, 0.0003894312393887937], [0.0430797824817069, 0.044486581483480864, 0.04626220957387213, 0.03731256239393951, 0.04177255185176797, 0.04821723022153476, 0.004135662254249228, 0.0404562033231055, 0.0430640702413694, 0.043919218819350896, 0.04004537160329519, 0.025850433040847207, 0.029980928511710237, 0.027343550382337656, 0.02954846563060752, 0.033330245207647664, 0.029849119310604133, 0.03181484855582645, 0.02930182709686398, 0.032160989648210805]], "priors_": [0.6182003050330452, 0.38179969496695476], "scalings_": [[0.00017541116334121094, 7.109344944037972e-05, 1.926819781503653e-05, 1.7201434775188925e-05, 9.142122267757176e-06, 8.380030159987178e-06, 6.494942425312939e-06, 6.200649393360756e-06, 3.553535949126864e-06, 2.720917557946941e-06, 1.9914102768013488e-06, 1.817548736560342e-06, 1.2768347597430825e-06, 1.1190693742650276e-06, 4.795243125528533e-07, 4.175159138774548e-07, 2.0882295511788116e-07, 1.621803153029547e-07, 1.0141778666558743e-07, 1.557403160266096e-35], [0.08484505551088499, 0.01453480489680731, 0.0015691828498004283, 0.0011847774560171237, 0.000698135918913835, 0.000612412559059964, 0.00042991340149331725, 0.0003896522298548366, 0.00034106393651724636, 0.0002266512462077912, 0.00016451438851046275, 7.877639967583416e-05, 7.3347458464301e-05, 5.237295540449384e-05, 4.098032725778849e-05, 3.64882864355751e-05, 3.0166475012782474e-05, 1.2501943208116983e-05, 1.0406808560794226e-05, 2.4201733523424747e-33]], "rotations_": [[[0.006398552536620064, 0.15576290095375417, 0.035655680263275515, 0.018725087822441602, 0.09113450148142851, -0.0009812707004781488, -0.2079690324485043, -0.13141995298259287, 0.11695416004612462, -0.01979984537156802, 0.295790366495641, 0.10901631031439285, -0.03709539551304936, 0.2871898437625356, 0.32165469871399316, -0.49142427215943785, -0.3200121840603272, 0.49897270147995976, -0.1077229863390739, -3.4907443876210054e-17], [0.021143678947263475, 0.39133606904224816, 0.12133974570486428, -0.08165484042369858, -0.01581507319654874, 0.03714857966938552, 0.04348019908369948, 0.032835084628310925, -0.04024696548337504, 0.005987525938120494, -0.2033907132650422, 0.013233568585550842, 0.005980676935816085, 0.13816901993491748, -0.7841125393761965, -0.31255564855492574, -0.2114883169450243, 0.01704080222843965, 0.023519039286957526, -1.6198972668381243e-16], [0.003369101975414901, 0.2623965299170493, 0.32732162655670793, 0.04485506162376443, 0.09237253537000019, -0.19454808085715136, 0.13804175331241572, 0.8143045048316292, 0.039216490337847264, -0.010646030608153554, 0.11255808128173103, 0.20386977767143813, 0.04231876115420054, -0.0663787216033397, 0.15965575113520153, 0.05565896280627416, -0.050984935595126825, -0.013321171915383383, -0.0033174783659677756, 4.602698113599914e-17], [0.027740851584720498, 0.6434601812707335, 0.1257319579597881, -0.32726312873912056, 0.022526614607164385, 0.2301094765336489, 0.3902573890735513, -0.28969374726902486, -0.12084403442520487, 0.11108004530279028, 0.004062728513612085, -0.09165764045645153, -0.05222187448478939, 0.001748721751886853, 0.31575389570430856, 0.1528893788258204, 0.07999299092587815, -0.07091032663230665, 0.002436622183351736, -1.0004678326979202e-16], [0.0025065909077883614, 0.24060542991800699, -0.17626183243950372, 0.08603123959137518, -0.8765177354901198, -0.3343252390601489, -0.0482514353675603, -0.0012754998752855843, 0.08708330198452469, -0.005327856883579795, 0.08720144059886242, -0.04804262633137296, 0.009146636117242386, -0.019257718360805746, 0.05325371956894551, -2.560922904035548e-05, -0.007759816396682308, -0.017783677597743863, -0.007454909549222479, 1.3165799860013068e-17], [0.002129099816337191, 0.21015308726423004, 0.014594467563146647, 0.04850551307914179, 0.01731008315667766, -0.006444307859459639, -0.3755592621581289, -0.18348596043792048, 0.03862022094928604, -0.1790679241478891, -0.37700070007969766, 0.7366500388127638, 0.04601147837090375, 0.02867364241491834, 0.09491997998358823, 0.1921259046550715, 0.04090228914320014, -0.09389463619919156, -0.02284925005998672, -6.142045974100721e-17], [0.9990946796315222, -0.03962892710931157, 0.005730554599850685, 0.006477103895935096, -0.00677228053436907, -0.004276995724366762, -0.001761346644884168, 0.0032311966049818203, 0.0005172536283676917, -0.00027374117709258705, -0.0015664226389173613, 0.005208045959620229, 0.0007260028055829705, -0.0008649034747867431, 0.006416235306803041, 0.0036746963681524285, -0.0007979077627705946, -0.0004862767030089652, 0.00037155174704031754, -1.263960858000613e-18], [0.01733359180050506, 0.32564500759612836, -0.8292525359403596, 0.30068502041947354, 0.26271131334356795, 0.05009913816849079, 0.05066503928651024, 0.17794287046041252, -0.0629666198845978, 0.01721344937522113, 0.054737832660554486, 0.003537334700785696, 0.004881084534647565, -0.04679254940945123, -0.013251575668984161, 0.011733581601422023, 0.0013782189575601358, -0.002290016340616305, 0.0047141227554572465, 1.557809028484953e-17], [-0.0016590045838624995, 0.03944770840848188, 0.18012457500812598, 0.45647075376667445, 0.04579467511962766, -0.16843453012446746, 0.124678217410874, -0.13832648729313926, -0.24109509561173809, -0.10335611711781985, -0.013373664577854171, 0.02042625941744741, -0.7802287673619528, -0.11333651032496357, -0.005192382210176476, -0.01606648204409899, -0.027658058718776943, -0.006783883454672146, -0.019516691295557352, -1.5205081531426054e-16], [-0.0016028867338090782, 0.050062542962890824, 0.20435393247070613, 0.488694768093624, 0.06839236637315563, -0.21904678466970492, 0.18385452333838637, -0.2361114545928486, -0.43251683328801205, -0.10053650661918478, 0.14395818215308182, 0.01016717319382253, 0.5863258030461721, 0.10042567145158715, -0.013942176139753366, 0.0038665822160201934, 0.04945910620523972, -0.004202252093292874, 0.012480487425492539, 2.800703869778374e-17], [-0.0017693424185689886, 0.01841501087136925, 0.11593424395752236, 0.452199999260458, -9.997815817984197e-05, 0.18307098605844707, 0.3535682289981768, -0.12627850962199458, 0.7598885165226124, 0.08030993914007199, -0.11115498639071782, 0.03270199703733978, 0.09331248926406205, -0.030716932247621412, -0.013273608531660708, 0.0009912941289547455, 0.007659961263635448, 0.004955907211580991, -0.00664564823531356, 7.867162402107511e-17], [-0.001764426952772086, 0.002877707158133501, 0.10769498769926597, 0.28391207319114725, -0.306977028436703, 0.8149004736969874, -0.19593887633332416, 0.20760964970789958, -0.23603209808495568, -0.06494530221816294, 0.07210002576143285, -0.028978554914083153, 0.0030426880248431215, 0.03402968686146181, 0.025287838155021745, 0.011905732468310804, -0.0005387413346359251, 0.00505954701847648, 0.0071582122605981765, -3.9065879685492357e-17], [0.005029450593932467, 0.1218318586004114, 0.06334312206353976, 0.04187480290085718, 0.07297141138465213, -0.0385040805357733, -0.2058715883324761, -0.015418649042094095, 0.0995294109686909, -0.07341787716277856, 0.10337947452504358, -0.16000361337302316, -0.020900357748044874, 0.09498468912143807, -0.05598809844203328, 0.16856486350232175, 0.08657863896019255, 0.014504941204914405, 0.06080625314700288, 0.9088132396515015], [0.002375879531791615, 0.07567664481784633, 0.04024988238102156, 0.04466703464229443, 0.08611402053177926, -0.033981708170346354, -0.19687729597331582, -0.057911005672563014, 0.13647883710762523, -0.09097179182874086, 0.2486166343388204, -0.11476481429916315, -0.053391825813987014, 0.2875270566058935, 0.02654907818678512, 0.1894779588173204, -0.34206375068882794, 