{"meta": "qda", "means_": [[0.012390021160485138, 0.012010200868255006, 0.012306737162541177, 0.001234740471531082, 0.009286017688374865, 0.0002494148344269215, 0.003611033454477672, 0.00792187264790023, 0.007705479452054734, 0.010123438205630149, 0.00820830615351167, 0.010226534815459754, 0.009812951814719466, 0.012284388266872002, 0.006406028694683819, 0.007904397821568926, 0.007838142867497117, 0.0028421148240811594, 0.0022646432571477733], [0.17181357361261979, 0.166737279007311, 0.09966242135951986, 0.03713482477539134, 0.19042937535716684, 0.0012004801920768296, 0.05690089446857542, 0.14801525005606767, 0.135360266555602, 0.2020312049466578, 0.11023184784117777, 0.2561953647402623, 0.22077555661680542, 0.23755470739650836, 0.19656864888248637, 0.23056381546448595, 0.2029682297279128, 0.06847252463372275, 0.07995096382796532]], "priors_": [0.7186218211648893, 0.28137817883511074], "scalings_": [[0.005461910321351181, 0.0014293478178619829, 0.0010086063640580788, 0.0006351408737197834, 0.0005283835814823117, 0.00037918260513012075, 0.0002790297579021735, 0.0002169095206221316, 0.0001697581369263417, 0.00015870404813391842, 0.00010074678397202842, 8.561684530122295e-05, 7.070391052175892e-05, 5.554503738762694e-05, 4.7153846388128353e-05, 3.5178393950377366e-05, 2.604445142213478e-05, 1.6980320848998977e-05, 6.578567095762356e-33], [0.3460975594266178, 0.057110543296289354, 0.02878236591291028, 0.01699067099827023, 0.009469130221656864, 0.007948346280855492, 0.005681689514463191, 0.005376697215678943, 0.004438162403322305, 0.003644668127758802, 0.0029686565170052946, 0.0020947834161083516, 0.001831741617886545, 0.0017773064845061385, 0.0013032619899041845, 0.0010450904444594246, 0.0004889115592911487, 5.907959563152973e-05, 2.356363041213609e-31]], "rotations_": [[[0.4055412409708289, -0.11517274690666934, 0.17150022074317695, -0.011012750957110963, 0.08923419722959348, -0.10988068021467241, 0.02101159303265492, 0.10479067996897619, -0.04769252628048345, 0.04226649643798404, -0.01611332466171168, 0.04511060299020778, -0.0393141695373278, -0.030862950453790963, -0.4022905669109298, -0.3316069863242477, -0.677152783298466, -0.14862134323485043, 4.1027490210103583e-16], [0.2689486881023676, 0.07052742600810231, -0.01462004466574271, -0.1754100126228723, 0.7421112020378682, 0.0023161298743105893, 0.43754888896459226, 0.005126304887113818, 0.055332764108815255, 0.08374186140121581, 0.13379945592038195, 0.24633339254400372, -0.062405760080070115, -0.05899713508112581, 0.12652047385167392, 0.08685383745223368, 0.17008508170216313, -0.031439038925643197, 3.306519307614421e-17], [0.571692034403935, -0.3590386395854034, 0.4816420527264502, -0.041872963613601585, -0.05120002587009076, 0.10122994597197968, -0.30691814754539265, -0.12148832034088702, -0.012776564283365231, -0.22553422491034164, -0.0061270224229716536, -0.0719804073782935, -0.03011978565897054, -0.03571318218013028, 0.16144196516578402, 0.10744195233377075, 0.296748545398593, 0.06784316627587195, 4.2354432226718544e-16], [0.05542595377523531, -0.004806019033365395, 0.013454848721833145, 0.011175991019489817, -0.06894753531035673, -0.09136880052997658, 0.08896104618561883, -0.0024940608466767853, 0.028151575521803644, 0.08721769283089194, 0.004102007067340161, -0.03725381511306493, -0.15377305795188523, 0.22281831382882247, -0.7742880082008651, 0.2716772787725047, 0.4181542610911657, -0.21046355383677193, 6.961690003434175e-16], [0.21573744070007572, 0.0077482934182477, -0.0286397804222165, 0.09269796208400027, -0.24466447002046496, -0.30075015216053946, -0.16427340977502658, 0.39456333412193784, 0.08561177034593676, 0.6337543841940224, 0.1619777675458744, 0.3099343572995782, -0.05564720189726477, -0.0988887158366053, 0.1612778729195608, -0.07636335700861137, 0.18474298794875943, 0.029820523498525348, 4.726403814637973e-16], [0.003834423033203497, -0.0053388801334195764, -0.001544248310564109, 0.004231654248314136, -0.012889928881173837, 0.0076358432807018305, 0.045095110984066065, -0.06304969272394008, -0.9845733802662424, 0.12311758591834794, 0.03872544901725742, 0.05970109273032612, -0.02712038071699176, -0.0012167900420057432, 0.019966370593025435, 0.026552806956262186, 0.04726058516828796, 0.004731256211611427, 3.1541476003936565e-16], [0.13053625687410333, -0.09060974797013722, 0.12714997325688623, 0.01435218585962951, -0.5124987568938202, -0.19087314425627872, 0.7405832153773447, -0.27799569764604726, 0.060427702814424306, -0.030901137975372403, 0.04882265740057297, 0.045319983253459886, 0.007196267692495622, -0.01227216900691348, 0.14891957791522958, 0.027705927170954346, -0.03669489546996309, -0.0026289269621166253, -3.180887704552653e-16], [0.049371383430952175, 0.35908052313041167, 0.03887188549795425, -0.2955360879975962, 0.014280534146029485, -0.3084240314423778, -0.12873511743891297, -0.2976324711169395, 0.013551918345755903, 0.12480259036737547, -0.09563407663998613, -0.3663819522495104, -0.6197133776133184, -0.08580810170749377, 0.11761150562255125, -0.11850198910691674, 0.004146457252757696, -0.029032264206587045, 1.3481612164644791e-16], [0.060902574605252585, 0.33161608282636423, 0.07466415244707514, -0.33886523660194706, -0.02443269573009592, -0.2874044810135684, -0.2414109603408553, -0.44263648249515875, 0.01952034852623283, 0.044242860617747445, -0.024183369509188778, 0.3162345489404909, 0.5506751735425174, 0.08627545488306727, -0.08762265518600043, 0.07040772929514212, -0.031251049919236884, 0.035872816704537104, -4.090572526662914e-19], [0.042369817240294066, 0.5472532172494207, 0.40021911112874115, -0.3006079689291645, -0.20249439416046688, 0.49705443164487895, 0.13152118053309203, 0.3741988727873613, -0.015450633738590508, 0.02019454542724892, -0.00593086035689506, -0.008445125535096052, 0.030874044144881416, 0.026042196134229402, -0.018322760060047488, 0.008182044474102049, -0.0007818226046554938, -0.0008953650985808387, -6.96640159587594e-17], [0.02070583506142167, 0.43800610038968485, 0.3366180235772774, 0.7993763677468367, 0.1424538643646513, -0.09356504340534336, -0.010947199525117008, -0.15130003971128209, 0.0056544276680425155, -0.03594954035975184, -0.009173431266644664, 0.037382718047260344, -0.006451164443089291, -0.005538521488443452, 0.009923789001321418, 0.003850082730428093, 0.009712959252644746, 0.01620767697681087, -1.4137636647290958e-17], [0.2775180381272152, 0.1371907182435705, -0.2855185919505459, 0.05825486881000387, -0.06224736480667009, 0.022110790180706642, -0.0170334174763523, 0.05442976971441333, -0.015329185012507806, -0.08951959689367758, -0.058841276746895585, -0.03375822305145274, -0.011540077139100909, 0.1691954655739326, 0.06496260747769561, 0.15616222448547984, -0.06952806154076903, 0.03542769970158063, 0.8575107008679483], [0.2053921207582951, 0.1505311862380708, -0.36111079126702494, 0.0652411936696027, -0.1871178638921303, 0.30440667013344175, -0.11941343167972096, -0.20249020316953067, 0.02770600478047001, -0.16864681928545872, 0.15394097350165445, 0.3750733752442054, -0.26529598865159526, -0.4948699707338367, -0.1302409700509815, 0.23103104909402694, -0.10000216110951823, 0.031137742130740505, -0.1654845212201308], [0.3194061182721232, 0.05262685068980576, -0.29582512048340953, 0.12281838482587845, 0.005601791115356303, 0.37088264946275057, 0.06466249578601391, -0.2620699575901693, 0.03668949665062405, 0.4247790852095323, -0.09641488813298907, -0.4527567347205963, 0.32266311309390494, -0.06941029071338861, -0.03279547480626378, -0.2160050490389694, 0.12009234588047898, -0.031492888241551185, -0.11841121166484402], [0.16530649920940857, 0.17309867735226525, -0.15778855729974847, -0.012047575856064183, -0.015419036850516168, -0.38441248619065316, 0.08272152459464993, 0.3771007755970682, -0.09352247793058405, -0.37374474073037117, -0.27017008697133726, -0.21892851521119933, 0.26716230750651104, -0.46702003763067, -0.038436130779460405, -0.03965786434861476, 0.19802916887835895, -0.10859096203907324, -0.08783782504646234], 