{"meta": "qda", "means_": [[0.0011314685823799065, 0.0018064935746013042, 0.0013385969235968143, 0.003140474711173848, 0.0014513581737604965, 0.001350364721465462, 0.00012999569389263984, 0.0009407330427634159, 0.0011408577314756872, 0.001164127421885696, 0.010066541545811365, 0.0008481246130698247, 0.0006564662783206705, 0.000865525696662715, 0.0008692306209616295, 0.0007052678931133081, 0.0009638921621533799, 0.0011452456771823363, 0.0007870213437110951], [0.08590591620094923, 0.07804792626829951, 0.066670789090887, 0.08289964990088647, 0.09487954140522174, 0.08427572512890567, 0.017925478348439054, 0.0582614666300466, 0.07662713622221207, 0.07121588826704987, 0.12317652136383153, 0.07107634993508564, 0.0678655023721865, 0.07147379248321138, 0.060396330800962364, 0.06752432549880184, 0.07054162321251597, 0.07410239020079332, 0.0821207337302769]], "priors_": [0.7798030867482704, 0.22019691325172963], "scalings_": [[0.0015983141332103336, 0.0003559008101986876, 6.213533031549715e-05, 3.9180830051707226e-05, 1.0267589682839186e-05, 7.576027749501127e-06, 5.372991477792709e-06, 3.870664700114849e-06, 3.036303296722882e-06, 2.4745462862339884e-06, 1.7055567467644792e-06, 1.4080020913511644e-06, 1.0673718565595456e-06, 8.336980007754121e-07, 2.8726199206140387e-07, 2.1873209226368098e-07, 1.6926664539948743e-07, 1.3237559772699815e-07, 9.325245044096109e-36], [0.2287307918928102, 0.045572408734291366, 0.011182356999244544, 0.007452627019683642, 0.004200140121699128, 0.0019431175030286557, 0.0008652279846282302, 0.000577488600209498, 0.0005302206686795404, 0.0003901413259421028, 0.0003318132236116256, 0.0001707423363381236, 8.880614918447695e-05, 5.283142669586854e-05, 4.677938176683719e-05, 3.8657850034869905e-05, 2.091292562122946e-05, 1.0547176341386383e-05, 4.1035550200621525e-33]], "rotations_": [[[0.011019068089154366, 0.26474407310403186, -0.04764131129525088, 0.093468526604584, 0.028713916576516667, 0.1549979612937649, 0.05941742013391297, 0.3432719761915477, 0.032281883249842595, -0.6599169208330081, 0.4658543852579655, 0.23215826918268195, -0.22502626951055094, 0.10628478883939195, 0.02720561391139036, -0.04655353242080128, 0.013436346993390753, 0.00983546048572486, -2.5294578811296077e-16], [0.010680598088549209, 0.25106128092135227, 0.200699128559824, 0.047173866087161474, -0.07132125901288898, -0.04916303283112276, -0.09338331069153445, -0.22157210146016026, 0.025054334181852572, 0.048405564544060364, 0.15167528577106315, -0.049702528599671114, 0.06995375253536598, -0.06251353297159892, -0.12877608282860922, -0.6095294845773862, 0.34419962776785384, -0.5340406374237666, 2.012189579969444e-16], [0.009638232216603943, 0.17221539880623887, -0.034848187602150034, 0.042230015028317004, -0.19123447757397616, -0.18675602950496703, -0.15244948747023607, -0.7151082798162284, 0.30343052305063944, -0.25145100138311427, 0.10311087697401795, 0.26115460689709874, 0.134210100731842, -0.10866037301704853, 0.1689832340214875, 0.2134837261442482, -0.07136214181700828, 0.13419450293786786, 2.4782467687257075e-16], [0.007146068820135756, 0.334380062197866, 0.8369326072349157, 0.21571850444896148, -0.10796619014428346, -0.07424619475464073, 0.04142679111129555, 0.1355279473475691, 0.06451797748230731, 0.03291696238970846, -0.150230868318809, -0.09735695001987049, -0.06832126253904976, 0.011210760399979671, 0.04243480094142749, 0.19050461669923163, -0.08575984828918996, 0.12790743530033968, -6.133745321758816e-17], [0.012234193352019435, 0.24447562273342943, 0.11380118721094065, -0.9466917847464745, -0.122788017932658, 0.06346615078167761, -0.06046513973035231, 0.06583706744274834, 0.038989095962342735, -0.006008508187387525, -0.012331019697039005, 0.01938777973417601, -0.0003704556745479891, 0.009424364297999113, 0.011306903172401052, 0.034587739862004585, -0.011955523871067575, 0.013050157345321958, 7.53176994042805e-17], [0.012720196164357822, 0.2607816562803978, -0.039155965265252154, 0.04987585573842479, -0.022514910435530774, 0.1635194120928382, 0.07900016935817548, -0.016713354756419996, -0.3561922442185786, 0.3415443071130041, 0.6121056082648573, -0.16073521802060584, 0.3358794677348962, -0.27201423400909946, 0.12189115769073765, 0.1811583726023983, -0.10320156961464069, 0.06983410552923296, -3.2608901199382e-16], [0.003653996481479551, 0.009782856108607449, 0.03639744631940263, 0.0177101417195497, 0.40473640482995804, -0.1442887840765657, -0.860725409309208, 0.19390685089193302, 0.08977095674120669, 0.05725538379639737, 0.1049087654562993, -0.015432634618297737, 0.06529580366651531, -0.02322489073329071, 0.06557540097897098, 0.05380802829684534, 0.0007519452017198385, 0.02436501919501071, 6.207548883073327e-17], [0.01476243262422848, 0.254175544972059, 0.019360001382248852, -0.0926584657444359, 0.8184160243625991, -0.2576742324717056, 0.36607487635793196, -0.1857774694092688, -0.0893222754951029, -0.019698169341205614, -0.0674103241870844, 0.08494546060121888, -0.018236601713313687, -0.01690289361651635, -0.01653305556255418, -0.0003153507538501965, 0.005755850745241223, 0.020984690515015877, 5.4959917706161396e-17], [0.01493228815255219, 0.16287806620284007, -0.19168460937432086, 0.0036069745591683503, -0.20686523747662747, -0.508490945783837, -0.06357560797936525, 0.05086266670894871, -0.28227146152467336, 0.027114682895615725, -0.03905140679243055, -0.11241831480460139, -0.5907024424731516, -0.4186593801571951, 0.09026467803637345, 0.01402600231962324, -0.027114771323871967, -0.025429267976933394, 7.517406418315483e-17], [0.013203117622076896, 0.16855006554116503, -0.14348329911809304, 0.028955636654737896, -0.21574906269622915, -0.5998286066709116, 0.04804042088636282, 0.28575668087944744, -0.16444035170251406, -0.10813510208388552, -0.10491994871086983, 0.10780364971072483, 0.5628726092354309, 0.2669843153088059, -0.07845835197841014, -0.04934503781824761, -0.03124180653452105, 0.025442911672942256, -3.8351902233417214e-17], [0.9985652549608626, -0.05149086969102254, 0.012069537801867588, 0.0015100140136684662, -0.001054768568876754, 0.006341332877881134, 0.00302724928460121, 0.0005519488469315909, 0.001819904271259779, -0.0029404736885356095, 0.0008965425477183084, -0.0009244644660370543, 0.0016175478161525435, -0.0010377367883051061, 8.14943485881077e-05, -0.000173526541936031, 0.00016447322007667048, 9.497693432468368e-06, 5.595613969768466e-18], [0.013776380540890601, 0.25068147277737124, -0.14673022268918223, 0.057761902192365655, -0.005453120499775116, 0.13981582849086815, -0.053279578908513266, -0.023281282871806988, -0.0035934109956922314, -0.037531811195167325, -0.1678924600611498, -0.16494957504165825, 0.017675433437666515, 0.029063877665887326, -0.0019355800468531421, -0.047549839691495385, 0.02060019594827686, 0.10594282412572688, -0.9040221110402386], [0.01303590425306126, 0.24604201083865723, -0.19325717893087474, 0.06164115026004075, 0.0017721035443998834, 0.1353657052813691, 0.01005986425775458, 0.08951433031290124, 0.08609640044590748, -0.12989736932174242, -0.23774409086754347, -0.24280198344604753, 0.1257338971657182, -0.1512717088506276, 0.020605330247628943, 0.409362557880515, 0.6945851755749695, -0.045856428127900306, 0.2017365058287337], [0.01217949440162942, 0.24077431572016583, -0.1247719295215789, 0.0631356723338367, 0.01609410009635792, 0.19196467340598466, -0.09288863997288604, -0.004034195286896823, 0.022549178167145006, -0.16275838627221986, -0.22306386483648954, -0.0715066096397976, 0.10890664188086557, -0.3033983380713326, -0.6264105432285108, 0.09454647343951748, -0.47380113730140966, -0.21263074694059533, 0.14057740117164574], [0.013001655423481619, 0.1829052743628332, -0.11691100341760256, 0.02528998158312716, -0.041486176552160796, -0.06920402177537606, -0.07309578394433647, -0.21704346674357983, -0.05684356917502533, 0.16460541743525522, 0.18835600081151332, -0.2654788008086785, -0.2948781052089881, 0.7017372712709017, -0.24822075469185156, 0.2902399854014399, -0.03338941878280218, -0.1639569771405504, 