{"meta": "qda", "means_": [[0.012390021160485138, 0.012010200868255006, 0.012306737162541177, 0.001234740471531082, 0.009286017688374865, 0.0002494148344269215, 0.003611033454477672, 0.00792187264790023, 0.007705479452054734, 0.002842232783524365, 0.019678190911067567, 0.010226534815459754, 0.009812951814719466, 0.012284388266872002, 0.006406028694683819, 0.007904397821568926, 0.007838142867497117, 0.0028421148240811594, 0.0022646432571477733], [0.17181357361261979, 0.166737279007311, 0.09966242135951986, 0.03713482477539134, 0.19042937535716684, 0.0012004801920768296, 0.05690089446857542, 0.14801525005606767, 0.135360266555602, 0.06889986315225727, 0.15674024711925544, 0.2561953647402623, 0.22077555661680542, 0.23755470739650836, 0.19656864888248637, 0.23056381546448595, 0.2029682297279128, 0.06847252463372275, 0.07995096382796532]], "priors_": [0.7186218211648893, 0.28137817883511074], "scalings_": [[0.008083335476551908, 0.005437245499824236, 0.001183292218216057, 0.0006725776541324424, 0.0005134721486220321, 0.0003524968973610548, 0.0002887705006426548, 0.0002547137337863324, 0.00016980364238287213, 0.00015867869867833571, 9.906109926008078e-05, 8.525161773664005e-05, 7.087550674519447e-05, 5.582291658368493e-05, 4.723482344088544e-05, 3.495790066222157e-05, 2.5897250882930204e-05, 1.7027298617015103e-05, 6.376542585588993e-33], [0.3351441382390347, 0.060737924256185565, 0.03879192427602464, 0.014873252050644131, 0.012471860764089052, 0.009010765679367233, 0.007164491871070105, 0.0066097897861261265, 0.004526351304922876, 0.003610179276765344, 0.0031144990216182065, 0.002167339249341935, 0.0020886326096126997, 0.0018198598451049015, 0.0013208902474476079, 0.0011168992366450377, 0.0005418234498258943, 5.941409385569445e-05, 2.344724889196548e-31]], "rotations_": [[[0.03409081979958255, -0.40472265818688297, 0.18865099361797844, -0.11571249449364658, 0.04663285480594758, -0.019560998497277274, 0.0939295056253573, -0.11597052578921911, 0.04616912432980159, -0.04024912471677536, 0.01479774190343132, -0.048194531925909626, 0.03509802068393783, -0.021558393766699473, -0.4007040229113725, 0.345908124246074, 0.6710956571450275, 0.150513153922974, -2.3253708393946246e-16], [0.018453622118375493, -0.26831183427585126, -0.0883430120348242, -0.2779730142628405, 0.7057240867967297, -0.014075455828471391, 0.4063951401915373, 0.1708491958466507, -0.055948145689147875, -0.08167717705947905, -0.15111312611951533, -0.23855861893331934, 0.061281715006599985, -0.06035929631285655, 0.12344360308185237, -0.09124814374748544, -0.16888997725776184, 0.03114263629794723, -2.1335664248715186e-16], [0.0260620700781396, -0.573639266380934, 0.5752285784236929, -0.14642521445961162, -0.06344525493946296, 0.029339534026298356, -0.35541212583193726, 0.008468350550136575, 0.014240377833589286, 0.2219872970705081, 0.011381689872574277, 0.07175740149301386, 0.031084475358489846, -0.0365176579624024, 0.1578248176610496, -0.11399834820411786, -0.29492124204101755, -0.06864738558293147, 5.918011525036658e-16], [0.004538243898980266, -0.05530375874667359, 0.009583834385250076, -0.012337061774355344, -0.09030464197335772, -0.01433905893808603, 0.11097763762162911, 0.00688934373265076, -0.027000393948413966, -0.08986629002318387, 0.006853953051949954, 0.031951564045987126, 0.13792691183456623, 0.2467665334962069, -0.7729203282958713, -0.26380945403915534, -0.4196342503435026, 0.20752888479360765, 6.605090763081521e-16], [0.03067842734058337, -0.2137400660855131, -0.023903131037707886, 0.04458704225977491, -0.29682676146289855, -0.06295582586470458, 0.08619921725386101, -0.4921793960916528, -0.08918183091888554, -0.62777938474822, -0.17716020162212298, -0.30743618714838206, 0.05827249149272271, -0.10608426327992918, 0.1636448037414231, 0.07208445331177606, -0.183330907332401, -0.02958989454221727, -3.2853148297437965e-16], [-0.0004448075640711772, -0.003951518666508897, 0.003824200275068518, 0.01030868090994632, -0.009797215967979049, 0.00545041984137526, 0.02463695403930896, 0.05859437543179728, 0.9862077330332607, -0.11761123356998508, -0.0425636500919563, -0.05804347802120849, 0.026949120556655364, -0.001377274587807615, 0.019566963825377138, -0.027335778010386936, -0.04687271497095354, -0.004816902621713144, 1.5612605025108889e-16], [0.00010843439356073015, -0.13156175510823848, 0.15164744496989957, 0.04759039498451818, -0.5293349527532554, -0.10280377305820423, 0.5860629274448813, 0.5395925421165073, -0.056086122828767175, 0.027363657555077428, -0.05510710200739352, -0.03786856697945619, -0.008385107771960627, -0.01287240973022881, 0.14539603541266494, -0.030269708233436228, 0.03700644994776765, 0.0029550874332897378, -2.650566280423032e-16], [0.019142302161262843, -0.04470950504115821, -0.30053136364984506, -0.48373845460706144, -0.1361632542502455, -0.22308404731848436, -0.14278361701100367, 0.12706567794471027, -0.004174791085760292, -0.13212837657427118, 0.12635315048714502, 0.34467212955863413, 0.6215524671449774, -0.06865033178741177, 0.09971105321715548, 0.120174637272568, -0.010662622908504877, 0.0263679496247332, -2.177378333409833e-16], [0.01423408621558405, -0.05698834726753134, -0.2582722178892992, -0.4998742993198876, -0.1678329210615535, -0.29210029515911784, -0.2957554255552273, 0.19482483504506487, -0.005154943288594464, -0.052466318580891125, -0.016831024468077972, -0.28712249172244547, -0.5758107161791765, 0.09221771944749466, -0.08818635693744557, -0.0732135344374115, 0.03268417609389562, -0.035820519813533, 2.4695319667958656e-17], [0.006720883448246285, -0.006380875880208435, -0.12274774458711066, -0.3694334411363381, -0.18254141984222025, 0.8943331584063959, 0.06052549106901177, -0.012729068785723987, -0.003400040135501459, -0.0016247116576318349, 0.07496633244375397, -0.06120856611030436, -0.027918020765447412, 0.005435057766935216, 0.015238837059795, -0.027789104139814804, 0.013905946370298515, -0.00028000399403316754, -1.5871688806729804e-16], [0.9964402977226497, 0.07555016818182386, 0.025622348862616422, 0.012944542601666447, 0.00589410101142239, 0.003576299743052243, -0.0032449063445714466, 0.01889569304393734, -0.00011944446308976295, 0.009186162080211056, -0.0030733153305227594, -0.004944308934098703, 0.0009311096229208092, 0.00042351062574037075, 0.0003014101185634145, -0.0017083057510873644, -0.004351201831219755, -0.004295637235055211, 2.9263413167839987e-17], [0.026488159062985024, -0.27612234795173696, -0.2831606005227023, 0.16644027415493456, -0.02849998671647383, 0.010749877511226389, 0.0017828192975179458, -0.05274063269846472, 0.013781027384900243, 0.09088334701362455, 0.05840873574965037, 0.031978316364080224, 0.011038841738620565, 0.16698843555019838, 0.06739913937119142, -0.15583045278274804, 0.07206982712012995, -0.03499502278767761, 0.857510700867949], [0.011128549753463002, -0.20522190217684724, -0.3311196908868082, 0.30679339462151756, -0.07615366632749793, 0.08091160070149928, -0.28171503284139526, 0.22123957979812672, -0.026115067371100673, 0.16714069947512283, -0.17635610812053676, -0.3714069920355917, 0.2620655576819923, -0.4814968114293878, -0.15229165800495748, -0.23090385852484646, 0.10171497164723904, -0.030343537045256087, -0.16548452122013046], [0.02434547619976312, -0.31907174110919284, -0.20955832953602344, 0.3137131809379774, 0.12427836451481329, 0.15610832192589144, -0.13289062422564676, 0.33380419883478896, -0.02990416231026389, -0.4308277418342156, 0.13084154846270246, 0.4491663055757889, -0.31310933870229096, -0.07655589353824613, -0.026436623905724446, 0.2154601769981496, -0.12260231001924687, 0.030336727648140823, -0.11841121166484396], [0.027646798903145343, -0.1625615274178831, -0.2477633430802345, -0.07648333344868308, -0.09717379368950735, -0.12248433434517922, 0.32428768655076434, -0.3905232020675006, 0.0847364487222406, 0.3816255886592392, 0.27765364246159263, 0.20523947992989353, -0.25224897390074247, -0.47529063722940423, -0.04281230144694736, 0.03777017560353122, -0.19826789308903164, 0.10774041310501817, 