{"meta": "qda", "means_": [[0.026322923057169795, 0.015491597450261962, 0.02966196183767048, 0.004302207130730012, 0.017207630080895445, 0.0012733446519524619, 0.008581571230128166, 0.013638936049802167, 0.014866760168302665, 0.008149405772495759, 0.020416392363396974, 0.020631092352528167, 0.026263171926082268, 0.00834591415998823, 0.01906541347365086, 0.015308527645822722, 0.009713028493669609, 0.006464346349745247], [0.22761816347773037, 0.17156504780968948, 0.12983147390736421, 0.059110473457675596, 0.21488451908740533, 0.018651362984218076, 0.09019173079431358, 0.19469684892927444, 0.1866383881230115, 0.20851267336202767, 0.2884402541504409, 0.2586384907279532, 0.27576864247009014, 0.1538371446139432, 0.2974997418927624, 0.22491453672706654, 0.13806629804566334, 0.14157101865136337]], "priors_": [0.894185516927281, 0.105814483072719], "scalings_": [[0.0128901466397503, 0.0036359005851512765, 0.0030814857968120843, 0.0014408159183369135, 0.001099475729365156, 0.0006160187739192488, 0.000539509721911365, 0.000495091505135483, 0.00042749884929265677, 0.0003222146456416041, 0.00027210850264275914, 0.00019177470810685383, 0.00015022553225512266, 0.00012386581610513344, 7.737088446946036e-05, 4.211084130558789e-05, 3.4468019616946254e-05, 1.585941675807869e-32], [0.33640338010303694, 0.06918879291627178, 0.054783322399510705, 0.01989108240694336, 0.015439584583602109, 0.010770627278998702, 0.008776207977280069, 0.007448447612448984, 0.005883877100252531, 0.0051041239491115085, 0.0037303835300523023, 0.002775104209409836, 0.0021613605175963358, 0.0015639895373218754, 0.001493945709053246, 0.0006960736474693671, 0.0005839588667804032, 7.782108989179517e-32]], "rotations_": [[[0.44352877307434085, -0.07450517801269281, -0.11460533831202477, 0.09735361159386019, -0.023128381836208255, 0.09886506459035657, -0.2246254661824427, 0.05247961403336316, -0.06986589208537726, 0.07817998101068681, -0.04519530380922869, 0.12343864663680668, -0.08819916588996458, 0.056833066323542264, -0.07575588626790376, 0.48055146588403574, 0.6600366205130533, 7.864396604361615e-17], [0.143155906551777, 0.017443570350169225, 0.09076458148262481, 0.2014880804849516, -0.18755761650587272, 0.01775336240164952, -0.6255337049147853, 0.45109178221347335, -0.09375956043714694, -0.24997630404860138, 0.0029680599684448056, 0.23508649752513072, 0.046883852019834756, -0.2174513051834803, 0.21940381640521373, -0.17667543204250902, -0.2114434013822727, 2.566426001237626e-16], [0.6684643919579106, -0.22662175425418754, -0.4757219607142805, -0.03372734385376637, -0.1105154948060133, -0.21091347909345437, 0.24704596664580092, 0.07823463682539356, -0.018851923785463777, 0.07439610913803424, 0.048379676627080856, -0.11108042397511747, -0.053648733464536094, -0.020591369461038206, 0.015791569675088574, -0.2392430258748322, -0.26294497765814046, 5.151133649463388e-17], [0.06402790668560031, 0.002490509450429736, 0.03114340008616952, 0.06820847918159902, 0.2453088967096722, 0.3691779650157413, -0.1042625061004766, 0.1764945959578023, 0.28998706228251553, 0.7263940912027318, -0.3119537336060393, 0.0255594836555229, 0.054661520265315504, -0.06641271441081684, 0.036495605103024964, -0.1566371168873633, -0.09384637518563257, 2.4830212601612964e-18], [0.21387320182000166, -0.006043708727489515, 0.04035906269297261, 0.047073934018440095, 0.02372484311979596, 0.4660753369732165, 0.01997667654773129, -0.5845837498152556, -0.0666662739448339, -0.17029716638202885, -0.0499267557604406, 0.4565616633072988, -0.19765778063418216, 0.11153372337326267, 0.234504096368995, -0.13243423905922974, -0.14840647885803315, 7.368575927413854e-17], [0.043417942502355984, 0.06900445556729279, 0.05417849697026622, -0.06783712315866858, 0.3233402907274495, -0.6563091659589754, -0.36059318570318527, -0.3915746306948896, -0.2003327882222129, 0.2834176383062335, -0.0916479789979087, 0.16262879684696677, -0.04319004729458144, -0.06405569805641624, 0.05108822322054368, -0.04129964981331958, -0.03970943258009742, 2.0407247241247078e-16], [0.17166447229459378, 0.02396268542694613, 0.0035897822768582114, 0.0500563751211565, 0.8669509199746324, 0.0954798607895133, 0.03935950671931346, 0.15750859747091306, 0.07735807923782637, -0.37082878289011934, 0.1370737343256583, -0.09585500418066413, 0.05887858075548294, -0.06288077612899053, -0.01132012744265317, 0.02338950682950766, -0.02808199101194564, -8.313415724830259e-17], [0.02011739509694906, 0.08980828410216506, 0.14058340714103534, 0.558784385579614, -0.03812782755226318, -0.05008488135421934, -0.0266226898336035, -0.1295550999367437, 0.14168345831563203, 0.06620707115174823, 0.17900608203135862, -0.45076871032528565, -0.5677412757335634, -0.10550323837947928, 0.21168660878047382, 0.010247838677273111, -0.00021499878843746732, 1.0937898066506707e-18], [0.051709110689112846, 0.03976544764662148, 0.07771997226527638, 0.6884217643154033, -0.042461722876701746, -0.23243322354160553, 0.24508156436377143, -0.056837434398561724, 0.23410661318794523, -0.024396423613404796, -0.04027173875153563, 0.30725091549860717, 0.46115334949168907, 0.1312332797250333, -0.11745005656124503, 0.0349325927778064, -0.018189881750074403, 1.8410308239017395e-17], [0.04273884386318134, 0.9209801944752439, -0.37999410258803684, -0.021586512539490274, -0.036079085843183645, 0.03463732919004065, 0.012311587123333629, 0.031332416221978215, 0.0007157329433223306, 0.0038497060802714445, 0.005802585329601888, 0.03300309392233863, -0.0037153978243572904, 0.013887318246035858, -0.0028077502086881184, 0.008618412206321764, -0.006753339693560267, -3.3047497657328893e-17], [0.21677952892091756, 0.11080854058645881, 0.29540422449861314, -0.0439900775316862, -0.05375088929829231, 0.062257244159789935, -0.002213220209831432, -0.052279875256004804, -0.1150710542647648, 0.0477218447103232, 0.06980988978062254, -0.12420189264231263, 0.10965512878396522, -0.028416071991376128, -0.16008458663236463, 0.0737318853902287, -0.12796760258569806, -0.8636764253946826], [0.16033574465120687, 0.14395004087493377, 0.4156509032945547, -0.12882770927623138, -0.02780942852364673, -0.12325473419244401, 0.41378245138641606, 0.20701977126501311, -0.006629628219207055, 0.042288799769196986, -0.012037363323572841, 0.3752043853036276, -0.314688532231397, -0.49494015622501636, -0.15987828168436297, 0.038656957440560635, 0.018893750002525037, 0.1414490472202515], [0.29401211355374446, 0.1359639029676478, 0.3615574330324533, -0.29797909510255177, -0.10970913834316498, -0.16585842453736763, -0.14328574083277631, -0.042336729587908364, 0.6137481125621601, -0.20130352561891784, -0.16961739274280843, -0.1260778102390279, -0.02531162044377548, 0.3492126864471488, -0.0028727550126088075, -0.12147499955005829, 0.055545907438348446, 0.10663759946199652], [0.0695742212817985, 0.051237931524696696, 0.10776341661071687, 0.14356559461065, 0.0017834354647310625, 0.1285191687838609, -0.13637452485382187, -0.06833371830648083, -0.2625260163848191, -0.01169833993623083, 0.05673993206241516, -0.10498775018386301, -0.045416975246476185, 0.08355052781320711, -0.6513982814433161, -0.5751064369252724, 0.2242069309025394, 0.15114337444406947], [0.17016596499861883, 0.13539294786143405, 0.3708868583695407, -0.02102603835752426, 0.02929881664092308, 0.003495019783159612, 0.2008411260738712, 0.19278834436041203, -0.4420757064887761, 0.2050540515216733, 0.2205417213189449, -0.08431086372726196, 0.1822985992169222, 0.39850466379496985, 0.44362973611458745, -0.11017195234327254, 0.10292452278114655, 0.17758244869084522], [0.19375763796704032, 0.057816554718384545, 0.17042330851888574, -0.0008246386536073097, -0.06330889729701357, 0.14805141291822507, -0.1586838974458613, -0.14331293608939627, -0.12090717406378598, 0.08010350080178086, 0.11080271383254535, -0.1974418217096843, 0.15318397261069955, -0.011161749865726912, -0.31545056117564363, 0.4948578134201075, -0.5138039572444566, 0.3926202525646236], [0.13332494321151322, 0.048335236295485084, 0.06551592018766789, 